NASDAQ,S&P 500,James Tickers
A,MMM,qcom
AA,AOS,roku
AACG,ABT,gis
AACI,ABBV,adm
AACIU,ACN,spot
AACIW,ADBE,f
AACT,AMD,alb
AADI,AES,fslr
AAGR,AFL,ccj
AAGRW,A,cwen
AAL,APD,sedg
AAMC,ABNB,etr
AAME,AKAM,peg
AAN,ALB,qs
AAOI,ARE,frey
AAON,ALGN,mvst
AAP,ALLE,kdp
AAPL,LNT,mtch
AAT,ALL,lin
AB,GOOGL,pdd
ABAT,GOOG,asml
ABBV,MO,etn
ABCB,AMZN,cb
ABCL,AMCR,nxpi
ABEO,AEE,bmbl
ABEV,AAL,navi
ABG,AEP,slm
ABIO,AXP,omf
ABL,AIG,cacc
ABLLL,AMT,nni
ABLLW,AWK,bnd
ABLV,AMP,grnd
ABM,AME,bac
ABNB,AMGN,cvx
ABOS,APH,uri
ABR,ADI,sam
ABR^D,ANSS,cat
ABR^E,AON,pep
ABR^F,APA,nke
ABSI,AAPL,ramp
ABT,AMAT,net
ABTS,APTV,anet
ABUS,ACGL,nclh
ABVC,ADM,nvr
ABVE,ANET,cmcsa
ABVEW,AJG,stz
ABVX,AIZ,gs
AC,T,wba
ACA,ATO,uhs
ACAB,ADSK,sbux
ACAC,ADP,dxcm
ACAD,AZO,ge
ACB,AVB,ccl
ACCD,AVY,dow
ACCO,AXON,glw
ACDC,BKR,czr
ACEL,BALL,xray
ACET,BAC,cprt
ACGL,BK,slb
ACGLN,BBWI,hwm
ACGLO,BAX,tgt
ACHC,BDX,dish
ACHL,BRK.B,mara
ACHR,BBY,orcl
ACHV,BIO,ba
ACI,TECH,nwsa
ACIC,BIIB,app
ACIU,BLK,trv
ACIW,BX,tap
ACLS,BA,deo
ACLX,BKNG,nflx
ACM,BWA,on
ACMR,BSX,kr
ACN,BMY,noc
ACNB,AVGO,wu
ACNT,BR,mpwr
ACON,BRO,ezpw
ACONW,BF.B,bkng
ACP,BLDR,txn
ACP^A,BG,khc
ACR,BXP,dltr
ACR^C,CDNS,fcx
ACR^D,CZR,gm
ACRE,CPT,vz
ACRS,CPB,riot
ACRV,COF,jnj
ACST,CAH,intc
ACT,KMX,shel
ACTG,CCL,vrt
ACU,CARR,acgl
ACV,CTLT,hal
ACVA,CAT,hsy
ACXP,CBOE,mdlz
ADAG,CBRE,snap
ADAP,CDW,unh
ADBE,CE,amzn
ADC,COR,ibm
ADC^A,CNC,amgn
ADCT,CNP,mo
ADD,CF,upst
ADEA,CHRW,nvda
ADI,CRL,ko
ADIL,SCHW,t
ADM,CHTR,rtx
ADMA,CVX,amd
ADN,CMG,rio
ADNT,CB,lrcx
ADNWW,CHD,pypl
ADP,CI,aapl
ADPT,CINF,game
ADRT,CTAS,crm
ADSE,CSCO,ph
ADSEW,C,adbe
ADSK,CFG,xom
ADT,CLX,pfe
ADTN,CME,mgpi
ADTX,CMS,pltr
ADUS,KO,mcd
ADV,CTSH,bk
ADVM,CL,gd
ADVWW,CMCSA,aal
ADX,CAG,swbi
ADXN,COP,sjm
AE,ED,nyt
AEAE,STZ,chk
AEE,CEG,regn
AEF,COO,bbio
AEFC,CPRT,amat
AEG,GLW,ftnt
AEHL,CPAY,pcg
AEHR,CTVA,acn
AEI,CSGP,x
AEIS,COST,v
AEM,CTRA,wynn
AEMD,CRWD,jpm
AENT,CCI,avgo
AENTW,CSX,dd
AEO,CMI,dis
AEON,CVS,pzza
AEP,DHR,blk
AER,DRI,wbd
AERT,DVA,uhal
AES,DAY,ipg
AESI,DECK,mpc
AEVA,DE,sofi
AEYE,DAL,axp
AEZS,DVN,msft
AFAR,DXCM,meta
AFARU,FANG,googl
AFARW,DLR,wvvi
AFB,DFS,lmt
AFBI,DG,k
AFCG,DLTR,tsco
AFG,D,bb
AFGB,DPZ,dal
AFGC,DOV,lyft
AFGD,DOW,hon
AFGE,DHI,carr
AFJK,DTE,bp
AFJKU,DUK,pg
AFL,DD,mmm
AFMD,EMN,psa
AFRI,ETN,lly
AFRIW,EBAY,dg
AFRM,ECL,rcl
AFT,EIX,mrk
AFYA,EW,spce
AG,EA,wmt
AGAE,ELV,ual
AGBA,LLY,pwr
AGBAW,EMR,odfl
AGCO,ENPH,hd
AGD,ETR,sony
AGEN,EOG,pm
AGFY,EPAM,wdc
AGI,EQT,tsla
AGIO,EFX,aa
AGL,EQIX,fox
AGM,EQR,uber
AGM^C,ESS,fico
AGM^D,EL,vale
AGM^E,ETSY,gild
AGM^F,EG,mgm
AGM^G,EVRG,usb
AGMH,ES,bsx
AGNC,EXC,fcfs
AGNCL,EXPE,csco
AGNCM,EXPD,dhi
AGNCN,EXR,bhp
AGNCO,XOM,lvs
AGNCP,FFIV,bud
AGO,FDS,para
AGR,FICO,ntdoy
AGRI,FAST,hmc
AGRIW,FRT,tsm
AGRO,FDX,sq
AGS,FIS,tm
AGX,FITB,ulta
AGYS,FSLR,spgi
AHCO,FE,pso
AHG,FI,race
AHH,FMC,yum
AHH^A,F,bti
AHL^C,FTNT,ryaay
AHL^D,FTV,td
AHL^E,FOXA,azn
AHR,FOX,nvs
AHT,BEN,nvo
AHT^D,FCX,sco
AHT^F,GRMN,elf
AHT^G,IT,py
AHT^H,GE,bwg
AHT^I,GEHC,drd
AI,GEV,kos
AIEV,GEN,mixt
AIF,GNRC,ssl
AIG,GD,hmy
AIHS,GIS,ihs
AILE,GM,sbsw
AILEW,GPC,ypf
AIM,GILD,vist
AIMAU,GPN,tgs
AIMD,GL,tx
AIMDW,GDDY,ts
AIN,GS,teo
AINC,HAL,pam
AIO,HIG,meli
AIOT,HAS,loma
AIP,HCA,ggal
AIR,DOC,desp
AIRE,HSIC,bbva
AIRG,HSY,bma
AIRI,HES,wit
AIRJ,HPE,wns
AIRJW,HLT,hdb
AIRS,HOLX,mmyt
AIRT,HD,sify
AIRTP,HON,rdy
AISP,HRL,ibn
AISPW,HST,infy
AIT,HWM,kb
AITR,HPQ,lpl
AITRU,HUBB,pkx
AIU,HUM,skm
AIV,HBAN,teva
AIXI,HII,icl
AIZ,IBM,wix
AIZN,IEX,eslt
AJG,IDXX,mndy
AJX,ITW,tsem
AKA,INCY,nvmi
AKAM,IR,taro
AKAN,PODD,mgic
AKBA,INTC,vln
AKO/A,ICE,nnox
AKO/B,IFF,svfd
AKR,IP,qnrx
AKRO,IPG,cmre
AKTS,INTU,dac
AKTX,ISRG,dsx
AKYA,IVZ,gass
AL,INVH,tops
AL^A,IQV,tnp
ALAB,IRM,san
ALAR,JBHT,grfs
ALB,JBL,tef
ALB^A,JKHY,lope
ALBT,J,atge
ALC,JNJ,chgg
ALCE,JCI,ul
ALCO,JPM,msi
ALCY,JNPR,wtrg
ALDX,K,msex
ALE,KVUE,awk
ALEC,KDP,awr
ALEX,KEY,cwt
ALFUU,KEYS,sbs
ALG,KMB,sjw
ALGM,KIM,wm
ALGN,KMI,rsg
ALGS,KKR,wcn
ALGT,KLAC,so
ALHC,KHC,clh
ALIM,KR,sum
ALIT,LHX,love
ALK,LH,acb
ALKS,LRCX,cgc
ALKT,LW,cron
ALL,LVS,tlry
ALL^B,LDOS,grwg
ALL^H,LEN,sndl
ALL^I,LIN,spy
ALL^J,LYV,voo
ALLE,LKQ,din
ALLG,LMT,
ALLK,L,
ALLO,LOW,
ALLR,LULU,
ALLT,LYB,
ALLY,MTB,
ALMS,MRO,
ALNT,MPC,
ALNY,MKTX,
ALOT,MAR,
ALPP,MMC,
ALRM,MLM,
ALRN,MAS,
ALRS,MA,
ALSA,MTCH,
ALSAR,MKC,
ALSN,MCD,
ALT,MCK,
ALTG,MDT,
ALTG^A,MRK,
ALTI,META,
ALTM,MET,
ALTO,MTD,
ALTR,MGM,
ALTS,MCHP,
ALUR,MU,
ALV,MSFT,
ALVO,MAA,
ALVOW,MRNA,
ALVR,MHK,
ALX,MOH,
ALXO,TAP,
ALZN,MDLZ,
AM,MPWR,
AMAL,MNST,
AMAT,MCO,
AMBA,MS,
AMBC,MOS,
AMBI,MSI,
AMBO,MSCI,
AMBP,NDAQ,
AMC,NTAP,
AMCR,NFLX,
AMCX,NEM,
AMD,NWSA,
AME,NWS,
AMED,NEE,
AMG,NKE,
AMGN,NI,
AMH,NDSN,
AMH^G,NSC,
AMH^H,NTRS,
AMIX,NOC,
AMK,NCLH,
AMKR,NRG,
AMLI,NUE,
AMLX,NVDA,
AMN,NVR,
AMP,NXPI,
AMPG,ORLY,
AMPH,OXY,
AMPL,ODFL,
AMPS,OMC,
AMPX,ON,
AMPY,OKE,
AMR,ORCL,
AMRC,OTIS,
AMRK,PCAR,
AMRN,PKG,
AMRX,PANW,
AMS,PARA,
AMSC,PH,
AMSF,PAYX,
AMST,PAYC,
AMSWA,PYPL,
AMT,PNR,
AMTB,PEP,
AMTD,PFE,
AMTX,PCG,
AMWD,PM,
AMWL,PSX,
AMX,PNW,
AMZN,PNC,
AN,POOL,
ANAB,PPG,
ANDE,PPL,
ANEB,PFG,
ANET,PG,
ANF,PGR,
ANG^A,PLD,
ANG^B,PRU,
ANGH,PEG,
ANGHW,PTC,
ANGI,PSA,
ANGO,PHM,
ANIK,QRVO,
ANIP,PWR,
ANIX,QCOM,
ANL,DGX,
ANNX,RL,
ANRO,RJF,
ANSC,RTX,
ANSCW,O,
ANSS,REG,
ANTE,REGN,
ANTX,RF,
ANVS,RSG,
ANY,RMD,
AOD,RVTY,
AOGO,ROK,
AOGOW,ROL,
AOMR,ROP,
AON,ROST,
AORT,RCL,
AOS,SPGI,
AOSL,CRM,
AOUT,SBAC,
AP,SLB,
APA,STX,
APAM,SRE,
APCX,NOW,
APD,SHW,
APDN,SPG,
APEI,SWKS,
APG,SJM,
APGE,SW,
APH,SNA,
API,SOLV,
APLD,SO,
APLE,LUV,
APLM,SWK,
APLMW,SBUX,
APLS,STT,
APLT,STLD,
APM,STE,
APO,SYK,
APO^A,SMCI,
APOG,SYF,
APOS,SNPS,
APP,SYY,
APPF,TMUS,
APPN,TROW,
APPS,TTWO,
APRE,TPR,
APT,TRGP,
APTO,TGT,
APTV,TEL,
APVO,TDY,
APWC,TFX,
APXI,TER,
APYX,TSLA,
AQB,TXN,
AQMS,TXT,
AQN,TMO,
AQNB,TJX,
AQST,TSCO,
AQU,TT,
AQUNR,TDG,
AR,TRV,
ARAY,TRMB,
ARBB,TFC,
ARBE,TYL,
ARBEW,TSN,
ARBK,USB,
ARBKL,UBER,
ARC,UDR,
ARCB,ULTA,
ARCC,UNP,
ARCH,UAL,
ARCO,UPS,
ARCT,URI,
ARDC,UNH,
ARDX,UHS,
ARE,VLO,
AREB,VTR,
AREBW,VLTO,
AREC,VRSN,
AREN,VRSK,
ARES,VZ,
ARGD,VRTX,
ARGO^A,VTRS,
ARGX,VICI,
ARHS,V,
ARI,VST,
ARIS,VMC,
ARKO,WRB,
ARKOW,GWW,
ARKR,WAB,
ARL,WBA,
ARLO,WMT,
ARLP,DIS,
ARM,WBD,
ARMK,WM,
ARMN,WAT,
ARMP,WEC,
AROC,WFC,
AROW,WELL,
ARQ,WST,
ARQQ,WDC,
ARQQW,WY,
ARQT,WMB,
ARR,WTW,
ARR^C,WYNN,
ARRY,XEL,
ARTL,XYL,
ARTNA,YUM,
ARTW,ZBRA,
ARVN,ZBH,
ARW,ZTS,
ARWR,,
ARYD,,
AS,,
ASA,,
ASAI,,
ASAN,,
ASB,,
ASB^E,,
ASB^F,,
ASBA,,
ASC,,
ASCB,,
ASG,,
ASGI,,
ASGN,,
ASH,,
ASIX,,
ASLE,,
ASLN,,
ASM,,
ASMB,,
ASML,,
ASND,,
ASNS,,
ASO,,
ASPI,,
ASPN,,
ASPS,,
ASR,,
ASRT,,
ASRV,,
ASST,,
ASTC,,
ASTE,,
ASTH,,
ASTI,,
ASTL,,
ASTLW,,
ASTR,,
ASTS,,
ASTSW,,
ASUR,,
ASX,,
ASXC,,
ASYS,,
ATAI,,
ATAT,,
ATCH,,
ATCO^D,,
ATCO^H,,
ATCOL,,
ATEC,,
ATEK,,
ATEN,,
ATER,,
ATEX,,
ATGE,,
ATGL,,
ATH^A,,
ATH^B,,
ATH^C,,
ATH^D,,
ATH^E,,
ATHA,,
ATHM,,
ATHS,,
ATI,,
ATIF,,
ATIP,,
ATKR,,
ATLC,,
ATLCL,,
ATLCP,,
ATLCZ,,
ATLO,,
ATLX,,
ATMC,,
ATMU,,
ATMV,,
ATMVU,,
ATNF,,
ATNFW,,
ATNI,,
ATNM,,
ATO,,
ATOM,,
ATOS,,
ATPC,,
ATR,,
ATRA,,
ATRC,,
ATRI,,
ATRO,,
ATS,,
ATSG,,
ATUS,,
ATXG,,
ATXI,,
ATXS,,
ATYR,,
AU,,
AUB,,
AUB^A,,
AUBN,,
AUDC,,
AUGX,,
AUID,,
AULT,,
AULT^D,,
AUMN,,
AUNA,,
AUPH,,
AUR,,
AURA,,
AUROW,,
AUST,,
AUTL,,
AUUD,,
AUUDW,,
AVA,,
AVAH,,
AVAL,,
AVAV,,
AVB,,
AVBP,,
AVD,,
AVDL,,
AVDX,,
AVGO,,
AVGR,,
AVIR,,
AVK,,
AVNS,,
AVNT,,
AVNW,,
AVO,,
AVPT,,
AVPTW,,
AVT,,
AVTE,,
AVTR,,
AVTX,,
AVXL,,
AVY,,
AWF,,
AWH,,
AWI,,
AWK,,
AWP,,
AWR,,
AWRE,,
AWX,,
AX,,
AXDX,,
AXGN,,
AXIL,,
AXL,,
AXNX,,
AXON,,
AXP,,
AXR,,
AXS,,
AXS^E,,
AXSM,,
AXTA,,
AXTI,,
AY,,
AYI,,
AYRO,,
AYTU,,
AZ,,
AZEK,,
AZN,,
AZO,,
AZPN,,
AZTA,,
AZTR,,
AZUL,,
AZZ,,
B,,
BA,,
BABA,,
BAC,,
BAC^B,,
BAC^E,,
BAC^K,,
BAC^L,,
BAC^M,,
BAC^N,,
BAC^O,,
BAC^P,,
BAC^Q,,
BAC^S,,
BACA,,
BACK,,
BAER,,
BAERW,,
BAFN,,
BAH,,
BAK,,
BALL,,
BALY,,
BAM,,
BANC,,
BANC^F,,
BAND,,
BANF,,
BANFP,,
BANL,,
BANR,,
BANX,,
BAOS,,
BAP,,
BARK,,
BASE,,
BATL,,
BATRA,,
BATRK,,
BAX,,
BAYA,,
BAYAU,,
BB,,
BBAI,,
BBAR,,
BBCP,,
BBD,,
BBDC,,
BBDO,,
BBGI,,
BBIO,,
BBLG,,
BBLGW,,
BBN,,
BBSI,,
BBU,,
BBUC,,
BBVA,,
BBW,,
BBWI,,
BBY,,
BC,,
BC^A,,
BC^B,,
BC^C,,
BCAB,,
BCAL,,
BCAN,,
BCAT,,
BCBP,,
BCC,,
BCDA,,
BCDAW,,
BCE,,
BCG,,
BCGWW,,
BCH,,
BCLI,,
BCML,,
BCO,,
BCOV,,
BCOW,,
BCPC,,
BCRX,,
BCS,,
BCSA,,
BCSAU,,
BCSAW,,
BCSF,,
BCTX,,
BCTXW,,
BCV,,
BCV^A,,
BCX,,
BCYC,,
BDC,,
BDJ,,
BDL,,
BDN,,
BDRX,,
BDSX,,
BDTX,,
BDX,,
BE,,
BEAM,,
BEAT,,
BEATW,,
BECN,,
BEDU,,
BEEM,,
BEEP,,
BEKE,,
BELFA,,
BELFB,,
BEN,,
BENF,,
BENFW,,
BEP,,
BEP^A,,
BEPC,,
BEPH,,
BEPI,,
BEPJ,,
BERY,,
BEST,,
BETR,,
BETRW,,
BF/A,,
BF/B,,
BFAC,,
BFAM,,
BFC,,
BFH,,
BFI,,
BFIIW,,
BFIN,,
BFK,,
BFLY,,
BFRG,,
BFRGW,,
BFRI,,
BFRIW,,
BFS,,
BFS^D,,
BFS^E,,
BFST,,
BFZ,,
BG,,
BGB,,
BGC,,
BGFV,,
BGH,,
BGI,,
BGLC,,
BGNE,,
BGR,,
BGS,,
BGSF,,
BGT,,
BGX,,
BGXX,,
BGY,,
BH,,
BHAC,,
BHAT,,
BHB,,
BHC,,
BHE,,
BHF,,
BHFAL,,
BHFAM,,
BHFAN,,
BHFAO,,
BHFAP,,
BHIL,,
BHK,,
BHLB,,
BHM,,
BHP,,
BHR,,
BHR^B,,
BHR^D,,
BHRB,,
BHV,,
BHVN,,
BIAF,,
BIAFW,,
BIDU,,
BIG,,
BIGC,,
BIGZ,,
BIIB,,
BILI,,
BILL,,
BIMI,,
BIO,,
BIO/B,,
BIOR,,
BIOX,,
BIP,,
BIP^A,,
BIP^B,,
BIPC,,
BIPH,,
BIPI,,
BIPJ,,
BIRD,,
BIRK,,
BIT,,
BITF,,
BIVI,,
BJ,,
BJDX,,
BJRI,,
BK,,
BKD,,
BKDT,,
BKE,,
BKH,,
BKHA,,
BKHAU,,
BKKT,,
BKN,,
BKNG,,
BKR,,
BKSY,,
BKT,,
BKTI,,
BKU,,
BKYI,,
BL,,
BLAC,,
BLBD,,
BLBX,,
BLCO,,
BLD,,
BLDE,,
BLDEW,,
BLDP,,
BLDR,,
BLE,,
BLEU,,
BLEUR,,
BLEUW,,
BLFS,,
BLFY,,
BLIN,,
BLK,,
BLKB,,
BLMN,,
BLND,,
BLNK,,
BLRX,,
BLTE,,
BLUE,,
BLW,,
BLX,,
BLZE,,
BMA,,
BMBL,,
BME,,
BMEA,,
BMEZ,,
BMI,,
BML^G,,
BML^H,,
BML^J,,
BML^L,,
BMN,,
BMO,,
BMR,,
BMRA,,
BMRC,,
BMRN,,
BMTX,,
BMY,,
BN,,
BNAI,,
BNAIW,,
BNED,,
BNGO,,
BNH,,
BNIX,,
BNIXR,,
BNIXW,,
BNJ,,
BNL,,
BNOX,,
BNR,,
BNRE,,
BNRG,,
BNS,,
BNTC,,
BNTX,,
BNY,,
BNZI,,
BNZIW,,
BOC,,
BOCN,,
BOCNW,,
BODI,,
BOE,,
BOF,,
BOH,,
BOH^A,,
BOH^B,,
BOKF,,
BOLD,,
BOLT,,
BON,,
BOOM,,
BOOT,,
BORR,,
BOSC,,
BOTJ,,
BOW,,
BOWL,,
BOWN,,
BOX,,
BOXL,,
BP,,
BPMC,,
BPOP,,
BPOPM,,
BPRN,,
BPT,,
BPTH,,
BPYPM,,
BPYPN,,
BPYPO,,
BPYPP,,
BQ,,
BR,,
BRAC,,
BRACU,,
BRAG,,
BRBR,,
BRBS,,
BRC,,
BRCC,,
BRDG,,
BREA,,
BRFH,,
BRFS,,
BRID,,
BRK/A,,
BRK/B,,
BRKH,,
BRKHU,,
BRKHW,,
BRKL,,
BRKR,,
BRLS,,
BRLSW,,
BRLT,,
BRN,,
BRNS,,
BRO,,
BROG,,
BROGW,,
BROS,,
BRSP,,
BRT,,
BRTX,,
BRW,,
BRX,,
BRY,,
BRZE,,
BSAC,,
BSBK,,
BSBR,,
BSET,,
BSFC,,
BSIG,,
BSL,,
BSM,,
BSRR,,
BST,,
BSTZ,,
BSVN,,
BSX,,
BSY,,
BTA,,
BTAI,,
BTBD,,
BTBDW,,
BTBT,,
BTCM,,
BTCS,,
BTCT,,
BTCTW,,
BTCY,,
BTDR,,
BTE,,
BTG,,
BTI,,
BTM,,
BTMD,,
BTMWW,,
BTO,,
BTOC,,
BTOG,,
BTSG,,
BTSGU,,
BTT,,
BTTR,,
BTU,,
BTZ,,
BUD,,
BUI,,
BUJA,,
BUJAR,,
BUJAW,,
BUR,,
BURL,,
BUSE,,
BV,,
BVFL,,
BVN,,
BVS,,
BW,,
BW^A,,
BWA,,
BWAY,,
BWB,,
BWBBP,,
BWEN,,
BWFG,,
BWG,,
BWIN,,
BWLP,,
BWMN,,
BWMX,,
BWNB,,
BWSN,,
BWXT,,
BX,,
BXC,,
BXMT,,
BXMX,,
BXP,,
BXSL,,
BY,,
BYD,,
BYFC,,
BYM,,
BYND,,
BYNO,,
BYON,,
BYRN,,
BYSI,,
BYU,,
BZ,,
BZFD,,
BZFDW,,
BZH,,
BZUN,,
C,,
C^N,,
CAAP,,
CAAS,,
CABA,,
CABO,,
CAC,,
CACC,,
CACI,,
CACO,,
CADE,,
CADE^A,,
CADL,,
CAE,,
CAF,,
CAG,,
CAH,,
CAKE,,
CAL,,
CALB,,
CALC,,
CALM,,
CALT,,
CALX,,
CAMT,,
CAN,,
CANF,,
CANG,,
CAPL,,
CAPR,,
CAPT,,
CAPTW,,
CAR,,
CARA,,
CARE,,
CARG,,
CARM,,
CARR,,
CARS,,
CART,,
CARV,,
CASH,,
CASI,,
CASS,,
CASY,,
CAT,,
CATO,,
CATX,,
CATY,,
CAUD,,
CAVA,,
CB,,
CBAN,,
CBAT,,
CBFV,,
CBH,,
CBL,,
CBNK,,
CBOE,,
CBRE,,
CBRG,,
CBRL,,
CBSH,,
CBT,,
CBU,,
CBUS,,
CBZ,,
CC,,
CCAP,,
CCB,,
CCBG,,
CCCC,,
CCCS,,
CCD,,
CCEL,,
CCEP,,
CCG,,
CCGWW,,
CCI,,
CCIA,,
CCIF,,
CCIX,,
CCIXU,,
CCIXW,,
CCJ,,
CCK,,
CCL,,
CCLD,,
CCLDO,,
CCLDP,,
CCM,,
CCNE,,
CCNEP,,
CCO,,
CCOI,,
CCRD,,
CCRN,,
CCS,,
CCSI,,
CCTG,,
CCTS,,
CCU,,
CCZ,,
CDAQ,,
CDAQU,,
CDAQW,,
CDE,,
CDIO,,
CDIOW,,
CDLR,,
CDLX,,
CDMO,,
CDNA,,
CDNS,,
CDP,,
CDR^B,,
CDR^C,,
CDRE,,
CDRO,,
CDROW,,
CDT,,
CDTG,,
CDTTW,,
CDTX,,
CDW,,
CDXC,,
CDXS,,
CDZI,,
CDZIP,,
CE,,
CEAD,,
CEADW,,
CECO,,
CEE,,
CEG,,
CEI,,
CEIX,,
CELC,,
CELH,,
CELU,,
CELZ,,
CEM,,
CENN,,
CENT,,
CENTA,,
CENX,,
CEPU,,
CERE,,
CERO,,
CEROW,,
CERS,,
CERT,,
CET,,
CETU,,
CETUR,,
CETUU,,
CETUW,,
CETX,,
CETY,,
CEV,,
CEVA,,
CF,,
CFB,,
CFBK,,
CFFI,,
CFFN,,
CFFS,,
CFG,,
CFG^E,,
CFG^H,,
CFLT,,
CFR,,
CFR^B,,
CFSB,,
CG,,
CGA,,
CGABL,,
CGAU,,
CGBD,,
CGBDL,,
CGBS,,
CGBSW,,
CGC,,
CGEM,,
CGEN,,
CGNT,,
CGNX,,
CGO,,
CGON,,
CGTX,,
CHCI,,
CHCO,,
CHCT,,
CHD,,
CHDN,,
CHE,,
CHEF,,
CHEK,,
CHGG,,
CHH,,
CHI,,
CHK,,
CHKEL,,
CHKEW,,
CHKP,,
CHMG,,
CHMI,,
CHMI^A,,
CHMI^B,,
CHN,,
CHNR,,
CHPT,,
CHR,,
CHRD,,
CHRO,,
CHRS,,
CHRW,,
CHSCL,,
CHSCM,,
CHSCN,,
CHSCO,,
CHSCP,,
CHSN,,
CHT,,
CHTR,,
CHUY,,
CHW,,
CHWY,,
CHX,,
CHY,,
CI,,
CIA,,
CIB,,
CIEN,,
CIF,,
CIFR,,
CIFRW,,
CIG,,
CIGI,,
CII,,
CIK,,
CIM,,
CIM^A,,
CIM^B,,
CIM^C,,
CIM^D,,
CIMN,,
CINF,,
CING,,
CINGW,,
CINT,,
CIO,,
CIO^A,,
CION,,
CISO,,
CISS,,
CITE,,
CITEU,,
CITEW,,
CIVB,,
CIVI,,
CIX,,
CJET,,
CJJD,,
CKPT,,
CKX,,
CL,,
CLAR,,
CLB,,
CLBK,,
CLBR,,
CLBT,,
CLBTW,,
CLCO,,
CLDI,,
CLDT,,
CLDT^A,,
CLDX,,
CLEU,,
CLF,,
CLFD,,
CLGN,,
CLH,,
CLIR,,
CLLS,,
CLM,,
CLMB,,
CLMT,,
CLNE,,
CLNN,,
CLNNW,,
CLOE,,
CLOER,,
CLOEU,,
CLOV,,
CLPR,,
CLPS,,
CLPT,,
CLRB,,
CLRC,,
CLRO,,
CLS,,
CLSD,,
CLSK,,
CLST,,
CLVT,,
CLW,,
CLWT,,
CLX,,
CM,,
CMA,,
CMAX,,
CMAXW,,
CMBM,,
CMBT,,
CMC,,
CMCL,,
CMCM,,
CMCO,,
CMCSA,,
CMCT,,
CME,,
CMG,,
CMI,,
CMLS,,
CMMB,,
CMND,,
CMP,,
CMPO,,
CMPOW,,
CMPR,,
CMPS,,
CMPX,,
CMRE,,
CMRE^B,,
CMRE^C,,
CMRE^D,,
CMRX,,
CMS,,
CMS^B,,
CMS^C,,
CMSA,,
CMSC,,
CMSD,,
CMT,,
CMTG,,
CMTL,,
CMU,,
CNA,,
CNC,,
CNDA,,
CNDT,,
CNET,,
CNEY,,
CNF,,
CNFR,,
CNFRZ,,
CNH,,
CNI,,
CNK,,
CNM,,
CNMD,,
CNNE,,
CNO,,
CNO^A,,
CNOB,,
CNOBP,,
CNP,,
CNQ,,
CNS,,
CNSL,,
CNSP,,
CNTA,,
CNTB,,
CNTG,,
CNTM,,
CNTX,,
CNTY,,
CNVS,,
CNX,,
CNXC,,
CNXN,,
COCH,,
COCO,,
COCP,,
CODA,,
CODI,,
CODI^A,,
CODI^B,,
CODI^C,,
CODX,,
COE,,
COEP,,
COF,,
COF^I,,
COF^J,,
COF^K,,
COF^L,,
COF^N,,
COFS,,
COGT,,
COHN,,
COHR,,
COHU,,
COIN,,
COKE,,
COLB,,
COLD,,
COLL,,
COLM,,
COMM,,
COMP,,
CONN,,
COO,,
COOK,,
COOP,,
COOT,,
COOTW,,
COP,,
COR,,
CORT,,
CORZ,,
CORZW,,
CORZZ,,
COSM,,
COST,,
COTY,,
COUR,,
COYA,,
CP,,
CPA,,
CPAC,,
CPAY,,
CPB,,
CPBI,,
CPF,,
CPHC,,
CPHI,,
CPIX,,
CPK,,
CPLP,,
CPNG,,
CPOP,,
CPRI,,
CPRT,,
CPRX,,
CPS,,
CPSH,,
CPSS,,
CPT,,
CPTN,,
CPTNW,,
CPZ,,
CQP,,
CR,,
CRAI,,
CRBG,,
CRBP,,
CRBU,,
CRC,,
CRCT,,
CRD/A,,
CRD/B,,
CRDF,,
CRDL,,
CRDO,,
CREG,,
CRESW,,
CRESY,,
CREV,,
CREVW,,
CREX,,
CRF,,
CRGO,,
CRGX,,
CRGY,,
CRH,,
CRI,,
CRIS,,
CRK,,
CRKN,,
CRL,,
CRM,,
CRMD,,
CRML,,
CRMLW,,
CRMT,,
CRNC,,
CRNT,,
CRNX,,
CRON,,
CROX,,
CRS,,
CRSP,,
CRSR,,
CRT,,
CRTO,,
CRUS,,
CRVL,,
CRVO,,
CRVS,,
CRWD,,
CRWS,,
CSAN,,
CSBR,,
CSCO,,
CSGP,,
CSGS,,
CSIQ,,
CSL,,
CSLM,,
CSLR,,
CSLRW,,
CSPI,,
CSQ,,
CSR,,
CSR^C,,
CSTE,,
CSTL,,
CSTM,,
CSV,,
CSWC,,
CSWCZ,,
CSWI,,
CSX,,
CTA^A,,
CTA^B,,
CTAS,,
CTBB,,
CTBI,,
CTCX,,
CTCXW,,
CTDD,,
CTGO,,
CTHR,,
CTKB,,
CTLP,,
CTLT,,
CTM,,
CTMX,,
CTNM,,
CTNT,,
CTO,,
CTO^A,,
CTOS,,
CTR,,
CTRA,,
CTRE,,
CTRI,,
CTRM,,
CTRN,,
CTS,,
CTSH,,
CTSO,,
CTV,,
CTVA,,
CTXR,,
CUBA,,
CUBB,,
CUBE,,
CUBI,,
CUBI^E,,
CUBI^F,,
CUBWU,,
CUE,,
CUK,,
CULL,,
CULP,,
CURI,,
CURIW,,
CURV,,
CUTR,,
CUZ,,
CVAC,,
CVBF,,
CVCO,,
CVE,,
CVEO,,
CVGI,,
CVGW,,
CVI,,
CVII,,
CVIIU,,
CVIIW,,
CVKD,,
CVLG,,
CVLT,,
CVM,,
CVNA,,
CVR,,
CVRX,,
CVS,,
CVU,,
CVV,,
CVX,,
CW,,
CWAN,,
CWBC,,
CWCO,,
CWD,,
CWEN,,
CWH,,
CWK,,
CWST,,
CWT,,
CX,,
CXAI,,
CXAIW,,
CXDO,,
CXE,,
CXH,,
CXM,,
CXT,,
CXW,,
CYBN,,
CYBR,,
CYCC,,
CYCCP,,
CYCN,,
CYD,,
CYH,,
CYN,,
CYRX,,
CYTH,,
CYTK,,
CYTO,,
CZFS,,
CZNC,,
CZR,,
CZWI,,
D,,
DAC,,
DADA,,
DAIO,,
DAKT,,
DAL,,
DALN,,
DAN,,
DAO,,
DAR,,
DARE,,
DASH,,
DATS,,
DATSW,,
DAVA,,
DAVE,,
DAVEW,,
DAWN,,
DAY,,
DB,,
DBD,,
DBGI,,
DBI,,
DBL,,
DBRG,,
DBRG^H,,
DBRG^I,,
DBRG^J,,
DBVT,,
DBX,,
DC,,
DCBO,,
DCF,,
DCGO,,
DCI,,
DCO,,
DCOM,,
DCOMG,,
DCOMP,,
DCTH,,
DD,,
DDC,,
DDD,,
DDI,,
DDL,,
DDOG,,
DDS,,
DDT,,
DE,,
DEA,,
DEC,,
DECA,,
DECAU,,
DECAW,,
DECK,,
DEI,,
DELL,,
DENN,,
DEO,,
DERM,,
DESP,,
DFH,,
DFIN,,
DFLI,,
DFLIW,,
DFP,,
DFS,,
DG,,
DGHI,,
DGICA,,
DGICB,,
DGII,,
DGLY,,
DGX,,
DH,,
DHAI,,
DHAIW,,
DHC,,
DHCNI,,
DHCNL,,
DHF,,
DHI,,
DHIL,,
DHR,,
DHT,,
DHX,,
DHY,,
DIAX,,
DIBS,,
DIN,,
DINO,,
DIOD,,
DIS,,
DIST,,
DIT,,
DJCO,,
DJT,,
DJTWW,,
DK,,
DKL,,
DKNG,,
DKS,,
DLB,,
DLHC,,
DLNG,,
DLNG^A,,
DLNG^B,,
DLO,,
DLPN,,
DLR,,
DLR^J,,
DLR^K,,
DLR^L,,
DLTH,,
DLTR,,
DLX,,
DLY,,
DM,,
DMA,,
DMAC,,
DMB,,
DMF,,
DMLP,,
DMO,,
DMRC,,
DMYY,,
DNA,,
DNB,,
DNLI,,
DNMR,,
DNN,,
DNOW,,
DNP,,
DNTH,,
DNUT,,
DO,,
DOC,,
DOCN,,
DOCS,,
DOCU,,
DOGZ,,
DOLE,,
DOMA,,
DOMH,,
DOMO,,
DOOO,,
DORM,,
DOUG,,
DOV,,
DOW,,
DOX,,
DOYU,,
DPCS,,
DPCSW,,
DPG,,
DPRO,,
DPZ,,
DQ,,
DRCT,,
DRD,,
DRH,,
DRH^A,,
DRI,,
DRIO,,
DRMA,,
DRQ,,
DRRX,,
DRS,,
DRTS,,
DRTSW,,
DRUG,,
DRVN,,
DSGN,,
DSGR,,
DSGX,,
DSL,,
DSM,,
DSP,,
DSS,,
DSU,,
DSWL,,
DSX,,
DSX^B,,
DSY,,
DSYWW,,
DT,,
DTB,,
DTC,,
DTCK,,
DTE,,
DTF,,
DTG,,
DTI,,
DTIL,,
DTM,,
DTSS,,
DTST,,
DTSTW,,
DTW,,
DUET,,
DUK,,
DUK^A,,
DUKB,,
DUO,,
DUOL,,
DUOT,,
DV,,
DVA,,
DVAX,,
DVN,,
DWSN,,
DX,,
DX^C,,
DXC,,
DXCM,,
DXF,,
DXLG,,
DXPE,,
DXR,,
DXYN,,
DXYZ,,
DY,,
DYAI,,
DYCQ,,
DYCQR,,
DYCQU,,
DYN,,
DZSI,,
E,,
EA,,
EAD,,
EAF,,
EAI,,
EARN,,
EAST,,
EAT,,
EB,,
EBAY,,
EBC,,
EBF,,
EBMT,,
EBON,,
EBR,,
EBS,,
EBTC,,
EC,,
ECAT,,
ECBK,,
ECC,,
ECC^D,,
ECCC,,
ECCF,,
ECCV,,
ECCW,,
ECCX,,
ECDA,,
ECDAW,,
ECF,,
ECF^A,,
ECL,,
ECO,,
ECOR,,
ECPG,,
ECVT,,
ECX,,
ECXWW,,
ED,,
EDAP,,
EDBL,,
EDBLW,,
EDD,,
EDF,,
EDIT,,
EDN,,
EDR,,
EDRY,,
EDSA,,
EDTK,,
EDU,,
EDUC,,
EE,,
EEA,,
EEFT,,
EEIQ,,
EEX,,
EFC,,
EFC^A,,
EFC^B,,
EFC^C,,
EFC^D,,
EFC^E,,
EFOI,,
EFR,,
EFSC,,
EFSCP,,
EFSH,,
EFT,,
EFX,,
EFXT,,
EG,,
EGAN,,
EGBN,,
EGF,,
EGHT,,
EGIO,,
EGO,,
EGP,,
EGRX,,
EGY,,
EH,,
EHAB,,
EHC,,
EHGO,,
EHI,,
EHTH,,
EIC,,
EICA,,
EICB,,
EICC,,
EIG,,
EIM,,
EIX,,
EJH,,
EKSO,,
EL,,
ELA,,
ELAB,,
ELAN,,
ELBM,,
ELC,,
ELDN,,
ELEV,,
ELF,,
ELLO,,
ELMD,,
ELME,,
ELP,,
ELPC,,
ELS,,
ELSE,,
ELTK,,
ELTX,,
ELUT,,
ELV,,
ELVA,,
ELVN,,
ELWS,,
ELYM,,
EM,,
EMBC,,
EMCG,,
EMD,,
EME,,
EMF,,
EMKR,,
EML,,
EMLD,,
EMN,,
EMO,,
EMP,,
EMR,,
EMX,,
ENB,,
ENFN,,
ENG,,
ENGN,,
ENGNW,,
ENIC,,
ENJ,,
ENLC,,
ENLT,,
ENLV,,
ENO,,
ENOV,,
ENPH,,
ENR,,
ENS,,
ENSC,,
ENSG,,
ENSV,,
ENTA,,
ENTG,,
ENTO,,
ENTX,,
ENV,,
ENVA,,
ENVB,,
ENVX,,
ENX,,
ENZ,,
EOD,,
EOG,,
EOI,,
EOLS,,
EOS,,
EOSE,,
EOSEW,,
EOT,,
EP,,
EP^C,,
EPAC,,
EPAM,,
EPC,,
EPD,,
EPIX,,
EPM,,
EPOW,,
EPR,,
EPR^C,,
EPR^E,,
EPR^G,,
EPRT,,
EPRX,,
EPSN,,
EQ,,
EQBK,,
EQC,,
EQC^D,,
EQH,,
EQH^A,,
EQH^C,,
EQIX,,
EQNR,,
EQR,,
EQS,,
EQT,,
EQX,,
ERAS,,
ERC,,
ERH,,
ERIC,,
ERIE,,
ERII,,
ERJ,,
ERNA,,
ERO,,
ES,,
ESAB,,
ESCA,,
ESE,,
ESEA,,
ESGL,,
ESGLW,,
ESGR,,
ESGRO,,
ESGRP,,
ESHA,,
ESHAR,,
ESI,,
ESLA,,
ESLT,,
ESNT,,
ESOA,,
ESP,,
ESPR,,
ESQ,,
ESRT,,
ESS,,
ESSA,,
ESTA,,
ESTC,,
ET,,
ET^I,,
ETB,,
ETD,,
ETG,,
ETI^,,
ETJ,,
ETN,,
ETNB,,
ETO,,
ETON,,
ETR,,
ETRN,,
ETSY,,
ETV,,
ETW,,
ETWO,,
ETX,,
ETY,,
EU,,
EUDA,,
EUDAW,,
EURKU,,
EVA,,
EVAX,,
EVBN,,
EVC,,
EVCM,,
EVE,,
EVER,,
EVEX,,
EVF,,
EVG,,
EVGN,,
EVGO,,
EVGOW,,
EVGR,,
EVH,,
EVI,,
EVLV,,
EVLVW,,
EVM,,
EVN,,
EVO,,
EVOK,,
EVR,,
EVRG,,
EVRI,,
EVT,,
EVTC,,
EVTL,,
EVTV,,
EVV,,
EW,,
EWBC,,
EWCZ,,
EWTX,,
EXAI,,
EXAS,,
EXC,,
EXEL,,
EXFY,,
EXG,,
EXK,,
EXLS,,
EXP,,
EXPD,,
EXPE,,
EXPI,,
EXPO,,
EXR,,
EXTO,,
EXTR,,
EYE,,
EYEN,,
EYPT,,
EZFL,,
EZGO,,
EZPW,,
F,,
F^B,,
F^C,,
F^D,,
FA,,
FAAS,,
FAASW,,
FAF,,
FAM,,
FAMI,,
FANG,,
FANH,,
FARM,,
FARO,,
FAST,,
FAT,,
FATBB,,
FATBP,,
FATBW,,
FATE,,
FAX,,
FBIN,,
FBIO,,
FBIOP,,
FBIZ,,
FBK,,
FBLG,,
FBMS,,
FBNC,,
FBP,,
FBRT,,
FBRT^E,,
FBRX,,
FBYD,,
FBYDW,,
FC,,
FCAP,,
FCBC,,
FCCO,,
FCEL,,
FCF,,
FCFS,,
FCN,,
FCNCA,,
FCNCO,,
FCNCP,,
FCO,,
FCPT,,
FCRX,,
FCT,,
FCUV,,
FCX,,
FDBC,,
FDMT,,
FDP,,
FDS,,
FDUS,,
FDX,,
FE,,
FEAM,,
FEBO,,
FEDU,,
FEIM,,
FELE,,
FEMY,,
FENC,,
FENG,,
FER,,
FERG,,
FET,,
FEXD,,
FF,,
FFA,,
FFBC,,
FFC,,
FFIC,,
FFIE,,
FFIEW,,
FFIN,,
FFIV,,
FFNW,,
FFWM,,
FG,,
FGB,,
FGBI,,
FGBIP,,
FGEN,,
FGF,,
FGFPP,,
FGI,,
FGIWW,,
FGN,,
FHB,,
FHI,,
FHN,,
FHN^B,,
FHN^C,,
FHN^E,,
FHN^F,,
FHTX,,
FI,,
FIACW,,
FIBK,,
FICO,,
FIGS,,
FIHL,,
FINS,,
FINV,,
FINW,,
FIP,,
FIS,,
FISI,,
FITB,,
FITBI,,
FITBO,,
FITBP,,
FIVE,,
FIVN,,
FIX,,
FIZZ,,
FKWL,,
FL,,
FLC,,
FLEX,,
FLGC,,
FLGT,,
FLIC,,
FLL,,
FLNC,,
FLNG,,
FLNT,,
FLO,,
FLR,,
FLS,,
FLUT,,
FLUX,,
FLWS,,
FLXS,,
FLYE,,
FLYW,,
FLYX,,
FMAO,,
FMBH,,
FMC,,
FMN,,
FMNB,,
FMS,,
FMST,,
FMSTW,,
FMX,,
FMY,,
FN,,
FNA,,
FNB,,
FND,,
FNF,,
FNGR,,
FNKO,,
FNLC,,
FNV,,
FNVT,,
FNVTW,,
FNWB,,
FNWD,,
FOA,,
FOF,,
FOLD,,
FONR,,
FOR,,
FORA,,
FORD,,
FORL,,
FORM,,
FORR,,
FORTY,,
FOSL,,
FOSLL,,
FOUR,,
FOX,,
FOXA,,
FOXF,,
FOXO,,
FPAY,,
FPF,,
FPH,,
FPI,,
FR,,
FRA,,
FRAF,,
FRBA,,
FRD,,
FREE,,
FRES,,
FREY,,
FRGE,,
FRGT,,
FRHC,,
FRLA,,
FRLAU,,
FRLAW,,
FRME,,
FRMEP,,
FRO,,
FROG,,
FRPH,,
FRPT,,
FRSH,,
FRST,,
FRSX,,
FRT,,
FRT^C,,
FRZA,,
FSBC,,
FSBW,,
FSCO,,
FSD,,
FSEA,,
FSFG,,
FSHPU,,
FSI,,
FSK,,
FSLR,,
FSLY,,
FSM,,
FSP,,
FSS,,
FSTR,,
FSUN,,
FSV,,
FT,,
FTAI,,
FTAIM,,
FTAIN,,
FTAIO,,
FTAIP,,
FTCI,,
FTDR,,
FTEK,,
FTEL,,
FTF,,
FTFT,,
FTHM,,
FTHY,,
FTI,,
FTII,,
FTK,,
FTLF,,
FTNT,,
FTRE,,
FTS,,
FTV,,
FUBO,,
FUFU,,
FUFUW,,
FUL,,
FULC,,
FULT,,
FULTP,,
FUN,,
FUNC,,
FUND,,
FURY,,
FUSB,,
FUTU,,
FVCB,,
FVRR,,
FWONA,,
FWONK,,
FWRD,,
FWRG,,
FXNC,,
FYBR,,
G,,
GAB,,
GAB^G,,
GAB^H,,
GAB^K,,
GABC,,
GAIA,,
GAIN,,
GAINL,,
GAINN,,
GAINZ,,
GALT,,
GAM,,
GAM^B,,
GAMB,,
GAMC,,
GAMCW,,
GAME,,
GAN,,
GANX,,
GAQ,,
GASS,,
GATE,,
GATO,,
GATX,,
GAU,,
GAUZ,,
GB,,
GBAB,,
GBBK,,
GBBKR,,
GBBKW,,
GBCI,,
GBDC,,
GBIO,,
GBLI,,
GBNY,,
GBR,,
GBTG,,
GBX,,
GCBC,,
GCI,,
GCMG,,
GCMGW,,
GCO,,
GCT,,
GCTK,,
GCTS,,
GCV,,
GD,,
GDC,,
GDDY,,
GDEN,,
GDEV,,
GDHG,,
GDL,,
GDL^C,,
GDO,,
GDOT,,
GDRX,,
GDS,,
GDST,,
GDSTW,,
GDTC,,
GDV,,
GDV^H,,
GDV^K,,
GDYN,,
GE,,
GECC,,
GECCI,,
GECCM,,
GECCZ,,
GEF,,
GEG,,
GEGGL,,
GEHC,,
GEL,,
GEN,,
GENC,,
GENE,,
GENI,,
GENK,,
GEO,,
GEOS,,
GERN,,
GES,,
GETY,,
GEV,,
GEVO,,
GF,,
GFAI,,
GFAIW,,
GFF,,
GFI,,
GFL,,
GFR,,
GFS,,
GGAL,,
GGB,,
GGG,,
GGN,,
GGN^B,,
GGR,,
GGROW,,
GGT,,
GGT^E,,
GGT^G,,
GGZ,,
GH,,
GHC,,
GHG,,
GHI,,
GHIX,,
GHIXW,,
GHLD,,
GHM,,
GHRS,,
GHSI,,
GHY,,
GIB,,
GIC,,
GIFI,,
GIGM,,
GIII,,
GIL,,
GILD,,
GILT,,
GIPR,,
GIPRW,,
GIS,,
GJH,,
GJO,,
GJP,,
GJR,,
GJS,,
GJT,,
GKOS,,
GL,,
GL^D,,
GLAC,,
GLAD,,
GLADZ,,
GLBE,,
GLBS,,
GLBZ,,
GLDD,,
GLDG,,
GLLI,,
GLLIR,,
GLLIU,,
GLMD,,
GLNG,,
GLO,,
GLOB,,
GLOP^A,,
GLOP^B,,
GLOP^C,,
GLP,,
GLP^B,,
GLPG,,
GLPI,,
GLQ,,
GLRE,,
GLSI,,
GLST,,
GLSTR,,
GLSTU,,
GLT,,
GLTO,,
GLU,,
GLU^A,,
GLU^B,,
GLUE,,
GLV,,
GLW,,
GLYC,,
GM,,
GMAB,,
GME,,
GMED,,
GMGI,,
GMM,,
GMRE,,
GMRE^A,,
GMS,,
GNE,,
GNFT,,
GNK,,
GNL,,
GNL^A,,
GNL^B,,
GNL^D,,
GNL^E,,
GNLN,,
GNLX,,
GNPX,,
GNRC,,
GNS,,
GNSS,,
GNT,,
GNT^A,,
GNTA,,
GNTX,,
GNTY,,
GNW,,
GO,,
GOCO,,
GODN,,
GODNU,,
GOEV,,
GOEVW,,
GOF,,
GOGL,,
GOGO,,
GOLD,,
GOLF,,
GOOD,,
GOODN,,
GOODO,,
GOOG,,
GOOGL,,
GOOS,,
GORO,,
GORV,,
GOSS,,
GOTU,,
GOVX,,
GOVXW,,
GP,,
GPAK,,
GPAT,,
GPATU,,
GPATW,,
GPC,,
GPCR,,
GPI,,
GPJA,,
GPK,,
GPMT,,
GPMT^A,,
GPN,,
GPOR,,
GPRE,,
GPRK,,
GPRO,,
GPS,,
GRAB,,
GRABW,,
GRAL,,
GRBK,,
GRBK^A,,
GRC,,
GRDI,,
GRDIW,,
GREE,,
GREEL,,
GRF,,
GRFS,,
GRFX,,
GRI,,
GRIN,,
GRMN,,
GRND,,
GRNQ,,
GRNT,,
GROM,,
GROMW,,
GROV,,
GROW,,
GROY,,
GRPN,,
GRRR,,
GRRRW,,
GRTS,,
GRVY,,
GRWG,,
GRX,,
GRYP,,
GS,,
GS^A,,
GS^C,,
GS^D,,
GSAT,,
GSBC,,
GSBD,,
GSHD,,
GSIT,,
GSIW,,
GSK,,
GSL,,
GSL^B,,
GSM,,
GSMGW,,
GSUN,,
GT,,
GTAC,,
GTBP,,
GTE,,
GTEC,,
GTES,,
GTHX,,
GTI,,
GTIM,,
GTLB,,
GTLS,,
GTLS^B,,
GTN,,
GTX,,
GTY,,
GUG,,
GURE,,
GUT,,
GUT^C,,
GUTS,,
GV,,
GVA,,
GVH,,
GVP,,
GWAV,,
GWH,,
GWRE,,
GWRS,,
GWW,,
GXAI,,
GXO,,
GYRE,,
GYRO,,
H,,
HA,,
HAE,,
HAFC,,
HAFN,,
HAIA,,
HAIAW,,
HAIN,,
HAL,,
HALO,,
HAO,,
HAS,,
HASI,,
HAYN,,
HAYW,,
HBAN,,
HBANL,,
HBANM,,
HBANP,,
HBB,,
HBCP,,
HBI,,
HBIO,,
HBM,,
HBNC,,
HBT,,
HCA,,
HCAT,,
HCC,,
HCI,,
HCKT,,
HCM,,
HCP,,
HCSG,,
HCTI,,
HCVI,,
HCVIU,,
HCVIW,,
HCWB,,
HCXY,,
HD,,
HDB,,
HDL,,
HDSN,,
HE,,
HEAR,,
HEES,,
HEI,,
HEI/A,,
HELE,,
HEPA,,
HEPS,,
HEQ,,
HES,,
HESM,,
HFBL,,
HFFG,,
HFRO,,
HFRO^A,,
HFWA,,
HG,,
HGBL,,
HGLB,,
HGTY,,
HGV,,
HHGC,,
HHGCU,,
HHGCW,,
HHH,,
HHS,,
HI,,
HIBB,,
HIE,,
HIFS,,
HIG,,
HIG^G,,
HIHO,,
HII,,
HIMS,,
HIMX,,
HIO,,
HIPO,,
HITI,,
HIVE,,
HIW,,
HIX,,
HKD,,
HKIT,,
HL,,
HL^B,,
HLF,,
HLI,,
HLIO,,
HLIT,,
HLLY,,
HLMN,,
HLN,,
HLNE,,
HLP,,
HLT,,
HLVX,,
HLX,,
HLXB,,
HMC,,
HMN,,
HMNF,,
HMST,,
HMY,,
HNI,,
HNNA,,
HNNAZ,,
HNRA,,
HNRG,,
HNST,,
HNVR,,
HNW,,
HOFT,,
HOFV,,
HOFVW,,
HOG,,
HOLI,,
HOLO,,
HOLOW,,
HOLX,,
HOMB,,
HON,,
HONE,,
HOOD,,
HOOK,,
HOPE,,
HOTH,,
HOUR,,
HOUS,,
HOV,,
HOVNP,,
HOVR,,
HOWL,,
HP,,
HPCO,,
HPE,,
HPF,,
HPH,,
HPI,,
HPK,,
HPKEW,,
HPP,,
HPP^C,,
HPQ,,
HPS,,
HQH,,
HQI,,
HQL,,
HQY,,
HR,,
HRB,,
HRI,,
HRL,,
HRMY,,
HROW,,
HROWL,,
HROWM,,
HRTG,,
HRTX,,
HRYU,,
HRZN,,
HSAI,,
HSBC,,
HSCS,,
HSDT,,
HSHP,,
HSIC,,
HSII,,
HSON,,
HSPO,,
HSPOR,,
HST,,
HSTM,,
HSY,,
HTBI,,
HTBK,,
HTCR,,
HTD,,
HTFC,,
HTGC,,
HTH,,
HTHT,,
HTIA,,
HTIBP,,
HTLD,,
HTLF,,
HTLFP,,
HTOO,,
HTOOW,,
HTZ,,
HTZWW,,
HUBB,,
HUBC,,
HUBCW,,
HUBCZ,,
HUBG,,
HUBS,,
HUDA,,
HUDI,,
HUGE,,
HUIZ,,
HUM,,
HUMA,,
HUMAW,,
HUN,,
HURC,,
HURN,,
HUSA,,
HUT,,
HUYA,,
HVT,,
HVT/A,,
HWBK,,
HWC,,
HWCPZ,,
HWH,,
HWKN,,
HWM,,
HWM^,,
HXL,,
HY,,
HYAC,,
HYB,,
HYFM,,
HYI,,
HYLN,,
HYMC,,
HYMCL,,
HYMCW,,
HYPR,,
HYT,,
HYW,,
HYZN,,
HYZNW,,
HZO,,
IAC,,
IAE,,
IAF,,
IAG,,
IART,,
IAS,,
IAUX,,
IBAC,,
IBCP,,
IBEX,,
IBIO,,
IBKR,,
IBM,,
IBN,,
IBOC,,
IBP,,
IBRX,,
IBTA,,
IBTX,,
ICAD,,
ICCC,,
ICCH,,
ICCM,,
ICCT,,
ICD,,
ICE,,
ICFI,,
ICG,,
ICHR,,
ICL,,
ICLK,,
ICLR,,
ICMB,,
ICON,,
ICR^A,,
ICU,,
ICUCW,,
ICUI,,
IDA,,
IDAI,,
IDCC,,
IDE,,
IDN,,
IDR,,
IDT,,
IDXX,,
IDYA,,
IE,,
IEP,,
IESC,,
IEX,,
IFBD,,
IFF,,
IFIN,,
IFN,,
IFRX,,
IFS,,
IGA,,
IGC,,
IGD,,
IGI,,
IGIC,,
IGMS,,
IGR,,
IGT,,
IGTA,,
IGTAU,,
IGTAW,,
IH,,
IHD,,
IHG,,
IHRT,,
IHS,,
IHT,,
IHTA,,
IIF,,
III,,
IIIN,,
IIIV,,
IIM,,
IINN,,
IINNW,,
IIPR,,
IIPR^A,,
IKNA,,
IKT,,
ILAG,,
ILMN,,
ILPT,,
IMAB,,
IMAQ,,
IMAQU,,
IMAQW,,
IMAX,,
IMCC,,
IMCR,,
IMKTA,,
IMMP,,
IMMR,,
IMMX,,
IMNM,,
IMNN,,
IMO,,
IMOS,,
IMPP,,
IMPPP,,
IMRN,,
IMRX,,
IMTE,,
IMTX,,
IMTXW,,
IMUX,,
IMVT,,
IMXI,,
INAB,,
INAQ,,
INAQW,,
INBK,,
INBKZ,,
INBS,,
INBX,,
INCR,,
INCY,,
INDB,,
INDI,,
INDO,,
INDP,,
INDV,,
INFA,,
INFN,,
INFU,,
INFY,,
ING,,
INGN,,
INGR,,
INHD,,
INKT,,
INLX,,
INM,,
INMB,,
INMD,,
INN,,
INN^E,,
INN^F,,
INNV,,
INO,,
INOD,,
INSE,,
INSG,,
INSI,,
INSM,,
INSP,,
INST,,
INSW,,
INTA,,
INTC,,
INTE,,
INTG,,
INTJ,,
INTR,,
INTS,,
INTT,,
INTU,,
INTZ,,
INUV,,
INVA,,
INVE,,
INVH,,
INVO,,
INVZ,,
INVZW,,
INZY,,
IOBT,,
IONM,,
IONQ,,
IONR,,
IONS,,
IOR,,
IOSP,,
IOT,,
IOVA,,
IP,,
IPA,,
IPAR,,
IPDN,,
IPG,,
IPGP,,
IPHA,,
IPI,,
IPSC,,
IPW,,
IPWR,,
IPX,,
IPXX,,
IPXXU,,
IQ,,
IQI,,
IQV,,
IR,,
IRAA,,
IRAAU,,
IRBT,,
IRDM,,
IREN,,
IRIX,,
IRM,,
IRMD,,
IROH,,
IRON,,
IROQ,,
IRS,,
IRT,,
IRTC,,
IRWD,,
ISD,,
ISDR,,
ISPC,,
ISPO,,
ISPOW,,
ISPR,,
ISRG,,
ISRL,,
ISSC,,
ISTR,,
IT,,
ITCI,,
ITGR,,
ITI,,
ITIC,,
ITOS,,
ITP,,
ITRG,,
ITRI,,
ITRM,,
ITRN,,
ITT,,
ITUB,,
ITW,,
IVA,,
IVAC,,
IVCA,,
IVCB,,
IVCBW,,
IVCP,,
IVCPW,,
IVDA,,
IVDAW,,
IVP,,
IVR,,
IVR^B,,
IVR^C,,
IVT,,
IVVD,,
IVZ,,
IX,,
IXAQ,,
IXHL,,
IZEA,,
IZM,,
J,,
JACK,,
JAGX,,
JAKK,,
JAMF,,
JANX,,
JAZZ,,
JBGS,,
JBHT,,
JBI,,
JBL,,
JBLU,,
JBSS,,
JBT,,
JCE,,
JCI,,
JCSE,,
JCTCF,,
JD,,
JDZG,,
JEF,,
JELD,,
JEQ,,
JEWL,,
JFBR,,
JFBRW,,
JFIN,,
JFR,,
JFU,,
JG,,
JGH,,
JHG,,
JHI,,
JHS,,
JHX,,
JILL,,
JJSF,,
JKHY,,
JKS,,
JL,,
JLL,,
JLS,,
JMIA,,
JMM,,
JMSB,,
JNJ,,
JNPR,,
JNVR,,
JOB,,
JOBY,,
JOE,,
JOF,,
JOUT,,
JPC,,
JPI,,
JPM,,
JPM^C,,
JPM^D,,
JPM^J,,
JPM^K,,
JPM^L,,
JPM^M,,
JQC,,
JRI,,
JRS,,
JRSH,,
JRVR,,
JSM,,
JSPR,,
JSPRW,,
JTAI,,
JTAIW,,
JTAIZ,,
JUNE,,
JVA,,
JVSA,,
JVSAU,,
JWEL,,
JWN,,
JWSM,,
JXJT,,
JXN,,
JXN^A,,
JYD,,
JYNT,,
JZ,,
JZXN,,
K,,
KA,,
KACL,,
KAI,,
KALA,,
KALU,,
KALV,,
KAR,,
KARO,,
KAVL,,
KB,,
KBDC,,
KBH,,
KBR,,
KC,,
KCGI,,
KD,,
KDLY,,
KDLYW,,
KDP,,
KE,,
KELYA,,
KELYB,,
KEN,,
KEP,,
KEQU,,
KEX,,
KEY,,
KEY^I,,
KEY^J,,
KEY^K,,
KEY^L,,
KEYS,,
KF,,
KFFB,,
KFRC,,
KFS,,
KFY,,
KGC,,
KGEI,,
KGS,,
KHC,,
KIDS,,
KIM,,
KIM^L,,
KIM^M,,
KIM^N,,
KIND,,
KINS,,
KIO,,
KIRK,,
KITT,,
KITTW,,
KKR,,
KKRS,,
KLAC,,
KLG,,
KLIC,,
KLTR,,
KLXE,,
KMB,,
KMDA,,
KMI,,
KMPB,,
KMPR,,
KMT,,
KMX,,
KN,,
KNDI,,
KNF,,
KNOP,,
KNSA,,
KNSL,,
KNTK,,
KNW,,
KNX,,
KO,,
KOD,,
KODK,,
KOF,,
KOP,,
KOPN,,
KORE,,
KOS,,
KOSS,,
KPLT,,
KPLTW,,
KPRX,,
KPTI,,
KR,,
KRC,,
KREF,,
KREF^A,,
KRG,,
KRKR,,
KRMD,,
KRNL,,
KRNT,,
KRNY,,
KRO,,
KRON,,
KROS,,
KRP,,
KRRO,,
KRT,,
KRUS,,
KRYS,,
KSCP,,
KSM,,
KSPI,,
KSS,,
KT,,
KTB,,
KTCC,,
KTF,,
KTH,,
KTN,,
KTOS,,
KTRA,,
KTTA,,
KUKE,,
KULR,,
KURA,,
KVAC,,
KVACW,,
KVHI,,
KVUE,,
KVYO,,
KW,,
KWE,,
KWESW,,
KWR,,
KXIN,,
KYMR,,
KYN,,
KYTX,,
KZIA,,
KZR,,
L,,
LAAC,,
LAB,,
LAC,,
LAD,,
LADR,,
LAES,,
LAKE,,
LAMR,,
LANC,,
LAND,,
LANDM,,
LANDO,,
LANDP,,
LANV,,
LARK,,
LASE,,
LASR,,
LATG,,
LAUR,,
LAW,,
LAZ,,
LAZR,,
LB,,
LBPH,,
LBRDA,,
LBRDK,,
LBRDP,,
LBRT,,
LBTYA,,
LBTYB,,
LBTYK,,
LC,,
LCFY,,
LCFYW,,
LCID,,
LCII,,
LCNB,,
LCTX,,
LCUT,,
LCW,,
LDI,,
LDOS,,
LDP,,
LDTC,,
LDTCW,,
LDWY,,
LE,,
LEA,,
LECO,,
LEDS,,
LEE,,
LEG,,
LEGH,,
LEGN,,
LEGT,,
LEN,,
LENZ,,
LEO,,
LESL,,
LEU,,
LEV,,
LEVI,,
LEXX,,
LEXXW,,
LFCR,,
LFLY,,
LFLYW,,
LFMD,,
LFMDP,,
LFST,,
LFT,,
LFT^A,,
LFUS,,
LFVN,,
LFWD,,
LGCB,,
LGCL,,
LGHL,,
LGHLW,,
LGI,,
LGIH,,
LGL,,
LGMK,,
LGND,,
LGO,,
LGVN,,
LH,,
LHX,,
LI,,
LICN,,
LICY,,
LIDR,,
LIDRW,,
LIF,,
LIFW,,
LIFWW,,
LII,,
LILA,,
LILAK,,
LILM,,
LILMW,,
LIN,,
LINC,,
LIND,,
LINK,,
LION,,
LIPO,,
LIQT,,
LITB,,
LITE,,
LITM,,
LIVE,,
LIVN,,
LIXT,,
LIXTW,,
LKCO,,
LKFN,,
LKQ,,
LL,,
LLAP,,
LLY,,
LLYVA,,
LLYVK,,
LMAT,,
LMB,,
LMFA,,
LMND,,
LMNR,,
LMT,,
LNC,,
LNC^D,,
LND,,
LNG,,
LNKB,,
LNN,,
LNSR,,
LNT,,
LNTH,,
LNW,,
LNZA,,
LNZAW,,
LOAN,,
LOAR,,
LOB,,
LOBO,,
LOCL,,
LOCO,,
LODE,,
LOGC,,
LOGI,,
LOMA,,
LOOP,,
LOPE,,
LOT,,
LOTWW,,
LOVE,,
LOW,,
LPA,,
LPAAU,,
LPCN,,
LPG,,
LPL,,
LPLA,,
LPRO,,
LPSN,,
LPTH,,
LPTV,,
LPTX,,
LPX,,
LQDA,,
LQDT,,
LQR,,
LRCX,,
LRE,,
LRFC,,
LRHC,,
LRMR,,
LRN,,
LSAK,,
LSB,,
LSBK,,
LSBPW,,
LSCC,,
LSEA,,
LSEAW,,
LSF,,
LSH,,
LSPD,,
LSTA,,
LSTR,,
LSXMA,,
LSXMB,,
LSXMK,,
LTBR,,
LTC,,
LTH,,
LTRN,,
LTRX,,
LTRY,,
LTRYW,,
LU,,
LUCD,,
LUCY,,
LUCYW,,
LULU,,
LUMN,,
LUMO,,
LUNA,,
LUNG,,
LUNR,,
LUNRW,,
LUV,,
LUXH,,
LUXHP,,
LVLU,,
LVO,,
LVRO,,
LVROW,,
LVS,,
LVTX,,
LVWR,,
LW,,
LWAY,,
LWLG,,
LX,,
LXEH,,
LXEO,,
LXFR,,
LXP,,
LXP^C,,
LXRX,,
LXU,,
LYB,,
LYEL,,
LYFT,,
LYG,,
LYRA,,
LYT,,
LYTS,,
LYV,,
LZ,,
LZB,,
LZM,,
M,,
MA,,
MAA,,
MAA^I,,
MAC,,
MACA,,
MACAW,,
MACIU,,
MAG,,
MAIA,,
MAIN,,
MAMA,,
MAMO,,
MAN,,
MANH,,
MANU,,
MAPS,,
MAPSW,,
MAQC,,
MAQCW,,
MAR,,
MARA,,
MARPS,,
MARX,,
MAS,,
MASI,,
MASS,,
MAT,,
MATH,,
MATV,,
MATW,,
MATX,,
MAV,,
MAX,,
MAXN,,
MAYS,,
MBC,,
MBCN,,
MBI,,
MBIN,,
MBINM,,
MBINN,,
MBINO,,
MBIO,,
MBLY,,
MBNKP,,
MBOT,,
MBRX,,
MBUU,,
MBWM,,
MC,,
MCAA,,
MCAG,,
MCB,,
MCBC,,
MCBS,,
MCD,,
MCFT,,
MCHP,,
MCHX,,
MCI,,
MCK,,
MCN,,
MCO,,
MCR,,
MCRB,,
MCRI,,
MCS,,
MCVT,,
MCW,,
MCY,,
MD,,
MDAI,,
MDAIW,,
MDB,,
MDBH,,
MDGL,,
MDIA,,
MDJH,,
MDLZ,,
MDRR,,
MDRRP,,
MDT,,
MDU,,
MDV,,
MDV^A,,
MDWD,,
MDXG,,
MDXH,,
ME,,
MEC,,
MED,,
MEDP,,
MEDS,,
MEG,,
MEGI,,
MEGL,,
MEI,,
MEIP,,
MELI,,
MEOH,,
MER^K,,
MERC,,
MESA,,
MESO,,
MET,,
MET^A,,
MET^E,,
MET^F,,
META,,
METC,,
METCB,,
METCL,,
MFA,,
MFA^B,,
MFA^C,,
MFAN,,
MFAO,,
MFC,,
MFD,,
MFG,,
MFH,,
MFI,,
MFIC,,
MFICL,,
MFIN,,
MFM,,
MG,,
MGA,,
MGEE,,
MGF,,
MGIC,,
MGIH,,
MGLD,,
MGM,,
MGNI,,
MGNX,,
MGOL,,
MGPI,,
MGR,,
MGRB,,
MGRC,,
MGRD,,
MGRE,,
MGRM,,
MGRX,,
MGTX,,
MGX,,
MGY,,
MGYR,,
MHD,,
MHF,,
MHH,,
MHI,,
MHK,,
MHLA,,
MHLD,,
MHN,,
MHNC,,
MHO,,
MHUA,,
MI,,
MICS,,
MIDD,,
MIGI,,
MIN,,
MIND,,
MINDP,,
MINM,,
MIO,,
MIR,,
MIRA,,
MIRM,,
MIST,,
MITA,,
MITAW,,
MITK,,
MITN,,
MITP,,
MITQ,,
MITT,,
MITT^A,,
MITT^B,,
MITT^C,,
MIY,,
MKC,,
MKFG,,
MKL,,
MKSI,,
MKTW,,
MKTX,,
ML,,
MLAB,,
MLCO,,
MLEC,,
MLECW,,
MLGO,,
MLI,,
MLKN,,
MLM,,
MLNK,,
MLP,,
MLR,,
MLSS,,
MLTX,,
MLYS,,
MMA,,
MMAT,,
MMC,,
MMD,,
MMI,,
MMLP,,
MMM,,
MMS,,
MMSI,,
MMT,,
MMU,,
MMV,,
MMVWW,,
MMYT,,
MNDO,,
MNDR,,
MNDY,,
MNKD,,
MNMD,,
MNOV,,
MNPR,,
MNR,,
MNRO,,
MNSB,,
MNSBP,,
MNSO,,
MNST,,
MNTK,,
MNTN,,
MNTS,,
MNTSW,,
MNTX,,
MNY,,
MNYWW,,
MO,,
MOB,,
MOBX,,
MOBXW,,
MOD,,
MODD,,
MODG,,
MODV,,
MOFG,,
MOGO,,
MOGU,,
MOH,,
MOLN,,
MOMO,,
MOND,,
MOR,,
MORF,,
MORN,,
MOS,,
MOV,,
MOVE,,
MP,,
MPA,,
MPAA,,
MPB,,
MPC,,
MPLN,,
MPLX,,
MPTI,,
MPU,,
MPV,,
MPW,,
MPWR,,
MPX,,
MQ,,
MQT,,
MQY,,
MRAM,,
MRBK,,
MRC,,
MRCC,,
MRCY,,
MRDB,,
MREO,,
MRIN,,
MRK,,
MRKR,,
MRM,,
MRNA,,
MRNO,,
MRNOW,,
MRNS,,
MRO,,
MRSN,,
MRT,,
MRTN,,
MRUS,,
MRVI,,
MRVL,,
MRX,,
MS,,
MS^A,,
MS^E,,
MS^F,,
MS^I,,
MS^K,,
MS^L,,
MS^O,,
MS^P,,
MSA,,
MSAI,,
MSAIW,,
MSB,,
MSBI,,
MSBIP,,
MSC,,
MSCI,,
MSD,,
MSDL,,
MSEX,,
MSFT,,
MSGE,,
MSGM,,
MSGS,,
MSI,,
MSM,,
MSN,,
MSS,,
MSSA,,
MSTR,,
MT,,
MTA,,
MTAL,,
MTB,,
MTB^H,,
MTB^J,,
MTC,,
MTCH,,
MTD,,
MTDR,,
MTEK,,
MTEKW,,
MTEM,,
MTEN,,
MTEX,,
MTG,,
MTH,,
MTLS,,
MTN,,
MTNB,,
MTR,,
MTRN,,
MTRX,,
MTSI,,
MTTR,,
MTUS,,
MTW,,
MTX,,
MTZ,,
MU,,
MUA,,
MUC,,
MUE,,
MUFG,,
MUI,,
MUJ,,
MULN,,
MUR,,
MURA,,
MUSA,,
MUX,,
MVBF,,
MVF,,
MVIS,,
MVO,,
MVST,,
MVSTW,,
MVT,,
MWA,,
MWG,,
MX,,
MXC,,
MXCT,,
MXE,,
MXF,,
MXL,,
MYD,,
MYE,,
MYFW,,
MYGN,,
MYI,,
MYMD,,
MYN,,
MYNA,,
MYND,,
MYNZ,,
MYO,,
MYPS,,
MYPSW,,
MYRG,,
MYSZ,,
MYTE,,
NA,,
NAAS,,
NABL,,
NAC,,
NAD,,
NAII,,
NAK,,
NAMS,,
NAMSW,,
NAN,,
NAOV,,
NAPA,,
NARI,,
NAT,,
NATH,,
NATL,,
NATR,,
NAUT,,
NAVI,,
NAZ,,
NB,,
NBB,,
NBBK,,
NBH,,
NBHC,,
NBIX,,
NBN,,
NBR,,
NBST,,
NBSTW,,
NBTB,,
NBTX,,
NBXG,,
NBY,,
NC,,
NCA,,
NCDL,,
NCI,,
NCL,,
NCLH,,
NCMI,,
NCNA,,
NCNC,,
NCNO,,
NCPL,,
NCPLW,,
NCRA,,
NCSM,,
NCTY,,
NCV,,
NCV^A,,
NCZ,,
NCZ^A,,
NDAQ,,
NDLS,,
NDMO,,
NDP,,
NDRA,,
NDSN,,
NE,,
NEA,,
NECB,,
NEE,,
NEE^N,,
NEE^R,,
NEE^S,,
NEGG,,
NEM,,
NEN,,
NEO,,
NEOG,,
NEON,,
NEOV,,
NEOVW,,
NEP,,
NEPH,,
NERV,,
NET,,
NETD,,
NETDW,,
NEU,,
NEUE,,
NEWP,,
NEWT,,
NEWTG,,
NEWTI,,
NEWTL,,
NEWTZ,,
NEXA,,
NEXN,,
NEXT,,
NFBK,,
NFE,,
NFG,,
NFGC,,
NFJ,,
NFLX,,
NFYS,,
NG,,
NGD,,
NGG,,
NGL,,
NGL^B,,
NGL^C,,
NGNE,,
NGS,,
NGVC,,
NGVT,,
NHC,,
NHI,,
NHS,,
NHTC,,
NI,,
NIC,,
NICE,,
NICK,,
NIE,,
NIM,,
NINE,,
NIO,,
NIOBW,,
NISN,,
NITO,,
NIU,,
NIVF,,
NIVFW,,
NJR,,
NKE,,
NKGN,,
NKGNW,,
NKLA,,
NKSH,,
NKTR,,
NKTX,,
NKX,,
NL,,
NLOP,,
NLSP,,
NLSPW,,
NLY,,
NLY^F,,
NLY^G,,
NLY^I,,
NMAI,,
NMCO,,
NMFC,,
NMFCZ,,
NMG,,
NMHI,,
NMI,,
NMIH,,
NML,,
NMM,,
NMR,,
NMRA,,
NMRK,,
NMS,,
NMT,,
NMTC,,
NMZ,,
NN,,
NNAG,,
NNAGR,,
NNAGU,,
NNAGW,,
NNAVW,,
NNBR,,
NNDM,,
NNE,,
NNI,,
NNN,,
NNOX,,
NNVC,,
NNY,,
NOA,,
NOAH,,
NOC,,
NODK,,
NOG,,
NOK,,
NOM,,
NOMD,,
NOTE,,
NOTV,,
NOV,,
NOVA,,
NOVT,,
NOVV,,
NOVVR,,
NOW,,
NPAB,,
NPABU,,
NPABW,,
NPCE,,
NPCT,,
NPFD,,
NPK,,
NPO,,
NPV,,
NPWR,,
NQP,,
NR,,
NRBO,,
NRC,,
NRDS,,
NRDY,,
NREF,,
NREF^A,,
NRG,,
NRGV,,
NRIM,,
NRIX,,
NRK,,
NRO,,
NRP,,
NRSN,,
NRT,,
NRUC,,
NRXP,,
NRXPW,,
NRXS,,
NSA,,
NSA^A,,
NSC,,
NSIT,,
NSP,,
NSPR,,
NSSC,,
NSTS,,
NSYS,,
NTAP,,
NTB,,
NTBL,,
NTCT,,
NTES,,
NTG,,
NTGR,,
NTIC,,
NTIP,,
NTLA,,
NTNX,,
NTR,,
NTRA,,
NTRB,,
NTRBW,,
NTRP,,
NTRS,,
NTRSO,,
NTST,,
NTWK,,
NTZ,,
NU,,
NUE,,
NUKK,,
NUKKW,,
NURO,,
NUS,,
NUTX,,
NUV,,
NUVB,,
NUVL,,
NUVO,,
NUW,,
NUWE,,
NUZE,,
NVAC,,
NVACR,,
NVACW,,
NVAX,,
NVCR,,
NVCT,,
NVDA,,
NVEC,,
NVEE,,
NVEI,,
NVFY,,
NVG,,
NVGS,,
NVMI,,
NVNI,,
NVNO,,
NVO,,
NVOS,,
NVR,,
NVRI,,
NVRO,,
NVS,,
NVST,,
NVT,,
NVTS,,
NVVE,,
NVVEW,,
NVX,,
NWBI,,
NWE,,
NWFL,,
NWG,,
NWGL,,
NWL,,
NWN,,
NWPX,,
NWS,,
NWSA,,
NWTN,,
NWTNW,,
NX,,
NXC,,
NXDT,,
NXDT^A,,
NXE,,
NXG,,
NXGL,,
NXGLW,,
NXJ,,
NXL,,
NXLIW,,
NXN,,
NXP,,
NXPI,,
NXPL,,
NXPLW,,
NXRT,,
NXST,,
NXT,,
NXTC,,
NXTT,,
NXU,,
NYAX,,
NYC,,
NYCB,,
NYCB^A,,
NYCB^U,,
NYMT,,
NYMTI,,
NYMTL,,
NYMTM,,
NYMTN,,
NYMTZ,,
NYT,,
NYXH,,
NZF,,
O,,
O^,,
OABI,,
OABIW,,
OAK^A,,
OAK^B,,
OAKU,,
OB,,
OBDC,,
OBDE,,
OBE,,
OBIO,,
OBK,,
OBLG,,
OBT,,
OC,,
OCAX,,
OCAXW,,
OCC,,
OCCI,,
OCCIN,,
OCCIO,,
OCEA,,
OCEAW,,
OCFC,,
OCFCP,,
OCFT,,
OCG,,
OCGN,,
OCS,,
OCSAW,,
OCSL,,
OCTO,,
OCUL,,
OCUP,,
OCX,,
ODC,,
ODD,,
ODFL,,
ODP,,
ODV,,
ODVWZ,,
OEC,,
OESX,,
OFG,,
OFIX,,
OFLX,,
OFS,,
OFSSH,,
OGE,,
OGEN,,
OGI,,
OGN,,
OGS,,
OHI,,
OI,,
OIA,,
OII,,
OIS,,
OKE,,
OKLO,,
OKTA,,
OKYO,,
OLB,,
OLED,,
OLLI,,
OLMA,,
OLN,,
OLO,,
OLP,,
OLPX,,
OM,,
OMAB,,
OMC,,
OMCL,,
OMER,,
OMEX,,
OMF,,
OMGA,,
OMH,,
OMI,,
OMIC,,
ON,,
ONB,,
ONBPO,,
ONBPP,,
ONCO,,
ONCT,,
ONCY,,
ONDS,,
ONEW,,
ONFO,,
ONFOW,,
ONIT,,
ONL,,
ONMD,,
ONMDW,,
ONON,,
ONTF,,
ONTO,,
ONVO,,
ONYX,,
ONYXU,,
ONYXW,,
OOMA,,
OP,,
OPAD,,
OPAL,,
OPBK,,
OPCH,,
OPEN,,
OPFI,,
OPGN,,
OPHC,,
OPI,,
OPINL,,
OPK,,
OPOF,,
OPP,,
OPP^A,,
OPP^B,,
OPRA,,
OPRT,,
OPRX,,
OPT,,
OPTN,,
OPTT,,
OPTX,,
OPTXW,,
OPXS,,
OPY,,
OR,,
ORA,,
ORAN,,
ORC,,
ORCL,,
ORGN,,
ORGNW,,
ORGO,,
ORGS,,
ORI,,
ORIC,,
ORLA,,
ORLY,,
ORMP,,
ORN,,
ORRF,,
OSBC,,
OSCR,,
OSIS,,
OSK,,
OSPN,,
OSS,,
OST,,
OSUR,,
OSW,,
OTEX,,
OTIS,,
OTLK,,
OTLY,,
OTRK,,
OTTR,,
OUST,,
OUT,,
OVBC,,
OVID,,
OVLY,,
OVV,,
OWL,,
OWLT,,
OXBR,,
OXBRW,,
OXLC,,
OXLCI,,
OXLCL,,
OXLCN,,
OXLCO,,
OXLCP,,
OXLCZ,,
OXM,,
OXSQ,,
OXSQG,,
OXSQZ,,
OXY,,
OZ,,
OZK,,
OZKAP,,
PAA,,
PAAS,,
PAC,,
PACB,,
PACK,,
PACS,,
PAG,,
PAGP,,
PAGS,,
PAHC,,
PAI,,
PAL,,
PALI,,
PALT,,
PAM,,
PANL,,
PANW,,
PAPL,,
PAR,,
PARA,,
PARAA,,
PARR,,
PASG,,
PATH,,
PATK,,
PAVM,,
PAVMZ,,
PAVS,,
PAX,,
PAXS,,
PAY,,
PAYC,,
PAYO,,
PAYOW,,
PAYS,,
PAYX,,
PB,,
PBA,,
PBBK,,
PBF,,
PBFS,,
PBH,,
PBHC,,
PBI,,
PBI^B,,
PBM,,
PBMWW,,
PBPB,,
PBR,,
PBT,,
PBYI,,
PCAR,,
PCB,,
PCF,,
PCG,,
PCG^A,,
PCG^B,,
PCG^C,,
PCG^D,,
PCG^E,,
PCG^G,,
PCG^H,,
PCG^I,,
PCH,,
PCK,,
PCM,,
PCN,,
PCOR,,
PCQ,,
PCRX,,
PCSA,,
PCSC,,
PCT,,
PCTTU,,
PCTTW,,
PCTY,,
PCVX,,
PCYO,,
PD,,
PDCO,,
PDD,,
PDEX,,
PDFS,,
PDI,,
PDLB,,
PDM,,
PDO,,
PDS,,
PDSB,,
PDT,,
PDX,,
PDYN,,
PDYNW,,
PEB,,
PEB^E,,
PEB^F,,
PEB^G,,
PEB^H,,
PEBK,,
PEBO,,
PECO,,
PED,,
PEG,,
PEGA,,
PEGR,,
PEGY,,
PEN,,
PENN,,
PEO,,
PEP,,
PEPG,,
PERF,,
PERI,,
PESI,,
PET,,
PETQ,,
PETS,,
PETWW,,
PETZ,,
PEV,,
PFBC,,
PFC,,
PFD,,
PFE,,
PFG,,
PFGC,,
PFH,,
PFIE,,
PFIS,,
PFL,,
PFLT,,
PFMT,,
PFN,,
PFO,,
PFS,,
PFSI,,
PFTA,,
PFTAU,,
PFTAW,,
PFX,,
PFXNZ,,
PG,,
PGC,,
PGEN,,
PGNY,,
PGP,,
PGR,,
PGRE,,
PGRU,,
PGY,,
PGYWW,,
PGZ,,
PH,,
PHAR,,
PHAT,,
PHD,,
PHG,,
PHGE,,
PHI,,
PHIN,,
PHIO,,
PHK,,
PHM,,
PHR,,
PHT,,
PHUN,,
PHVS,,
PHX,,
PHYT,,
PI,,
PII,,
PIII,,
PIK,,
PIM,,
PINC,,
PINE,,
PINS,,
PIPR,,
PIRS,,
PIXY,,
PJT,,
PK,,
PKBK,,
PKE,,
PKG,,
PKOH,,
PKST,,
PKX,,
PL,,
PLAB,,
PLAG,,
PLAO,,
PLAY,,
PLBC,,
PLBY,,
PLCE,,
PLD,,
PLG,,
PLL,,
PLMI,,
PLMIW,,
PLMJ,,
PLMJU,,
PLMJW,,
PLMR,,
PLNT,,
PLOW,,
PLPC,,
PLRX,,
PLSE,,
PLTK,,
PLTR,,
PLUG,,
PLUR,,
PLUS,,
PLX,,
PLXS,,
PLYA,,
PLYM,,
PM,,
PMCB,,
PMD,,
PMEC,,
PMF,,
PML,,
PMM,,
PMN,,
PMNT,,
PMO,,
PMT,,
PMT^A,,
PMT^B,,
PMT^C,,
PMTS,,
PMTU,,
PMVP,,
PMX,,
PNBK,,
PNC,,
PNF,,
PNFP,,
PNFPP,,
PNI,,
PNM,,
PNNT,,
PNR,,
PNRG,,
PNST,,
PNTG,,
PNW,,
POAI,,
POCI,,
PODC,,
PODD,,
POET,,
POLA,,
POOL,,
POR,,
POST,,
POWI,,
POWL,,
POWW,,
POWWP,,
PPBI,,
PPBT,,
PPC,,
PPG,,
PPIH,,
PPL,,
PPSI,,
PPT,,
PPTA,,
PPYA,,
PR,,
PRA,,
PRAA,,
PRAX,,
PRCH,,
PRCT,,
PRDO,,
PRE,,
PRE^J,,
PRENW,,
PRFT,,
PRFX,,
PRG,,
PRGO,,
PRGS,,
PRH,,
PRI,,
PRIF^D,,
PRIF^F,,
PRIF^G,,
PRIF^H,,
PRIF^I,,
PRIF^J,,
PRIF^K,,
PRIF^L,,
PRIM,,
PRK,,
PRKS,,
PRLB,,
PRLD,,
PRLH,,
PRM,,
PRME,,
PRMW,,
PRO,,
PROC,,
PROCW,,
PROF,,
PROK,,
PROP,,
PROV,,
PRPH,,
PRPL,,
PRPO,,
PRQR,,
PRS,,
PRSO,,
PRST,,
PRSTW,,
PRT,,
PRTA,,
PRTC,,
PRTG,,
PRTH,,
PRTS,,
PRU,,
PRVA,,
PRZO,,
PSA,,
PSA^F,,
PSA^G,,
PSA^H,,
PSA^I,,
PSA^J,,
PSA^K,,
PSA^L,,
PSA^M,,
PSA^N,,
PSA^O,,
PSA^P,,
PSA^Q,,
PSA^R,,
PSA^S,,
PSBD,,
PSEC,,
PSEC^A,,
PSF,,
PSFE,,
PSHG,,
PSMT,,
PSN,,
PSNL,,
PSNY,,
PSNYW,,
PSO,,
PSQH,,
PSTG,,
PSTL,,
PSTV,,
PSTX,,
PSX,,
PT,,
PTA,,
PTC,,
PTCT,,
PTEN,,
PTGX,,
PTIX,,
PTIXW,,
PTLO,,
PTMN,,
PTN,,
PTON,,
PTPI,,
PTSI,,
PTVE,,
PTWO,,
PTWOU,,
PTWOW,,
PTY,,
PUBM,,
PUK,,
PULM,,
PUMP,,
PVBC,,
PVH,,
PVL,,
PW,,
PW^A,,
PWM,,
PWOD,,
PWP,,
PWR,,
PWSC,,
PWUP,,
PWUPW,,
PX,,
PXDT,,
PXLW,,
PXS,,
PXSAP,,
PXSAW,,
PYCR,,
PYN,,
PYPD,,
PYPL,,
PYT,,
PYXS,,
PZC,,
PZG,,
PZZA,,
QBTS,,
QCOM,,
QCRH,,
QD,,
QDEL,,
QETA,,
QETAR,,
QFIN,,
QGEN,,
QH,,
QIPT,,
QLGN,,
QLI,,
QLYS,,
QMCO,,
QNCX,,
QNRX,,
QNST,,
QOMO,,
QQQX,,
QRHC,,
QRTEA,,
QRTEB,,
QRTEP,,
QRVO,,
QS,,
QSG,,
QSI,,
QSIAW,,
QSR,,
QTI,,
QTRX,,
QTTB,,
QTWO,,
QUAD,,
QUBT,,
QUIK,,
QURE,,
QVCC,,
QVCD,,
QXO,,
R,,
RA,,
RACE,,
RAIL,,
RAMP,,
RAND,,
RANI,,
RAPP,,
RAPT,,
RARE,,
RAVE,,
RAY,,
RAYA,,
RBA,,
RBB,,
RBBN,,
RBC,,
RBCAA,,
RBCP,,
RBKB,,
RBLX,,
RBOT,,
RBRK,,
RC,,
RC^C,,
RC^E,,
RCAT,,
RCB,,
RCC,,
RCEL,,
RCFA,,
RCG,,
RCI,,
RCKT,,
RCKTW,,
RCKY,,
RCL,,
RCM,,
RCMT,,
RCON,,
RCRT,,
RCRTW,,
RCS,,
RCUS,,
RDCM,,
RDDT,,
RDFN,,
RDHL,,
RDI,,
RDIB,,
RDN,,
RDNT,,
RDUS,,
RDVT,,
RDW,,
RDWR,,
RDY,,
RDZN,,
REAL,,
REAX,,
REBN,,
RECT,,
REE,,
REFI,,
REFR,,
REG,,
REGCO,,
REGCP,,
REGN,,
REI,,
REKR,,
RELI,,
RELL,,
RELX,,
RELY,,
RENB,,
RENE,,
RENT,,
REPL,,
REPX,,
RERE,,
RES,,
RETO,,
REVB,,
REVBW,,
REVG,,
REX,,
REXR,,
REXR^B,,
REXR^C,,
REYN,,
REZI,,
RF,,
RF^B,,
RF^C,,
RF^E,,
RFAC,,
RFACU,,
RFAI,,
RFAIR,,
RFAIU,,
RFI,,
RFIL,,
RFL,,
RFM,,
RFMZ,,
RGA,,
RGC,,
RGCO,,
RGEN,,
RGF,,
RGLD,,
RGLS,,
RGNX,,
RGP,,
RGR,,
RGS,,
RGT,,
RGTI,,
RGTIW,,
RH,,
RHE,,
RHE^A,,
RHI,,
RHP,,
RICK,,
RIG,,
RIGL,,
RILY,,
RILYG,,
RILYK,,
RILYL,,
RILYM,,
RILYN,,
RILYP,,
RILYT,,
RILYZ,,
RIO,,
RIOT,,
RITM,,
RITM^A,,
RITM^B,,
RITM^C,,
RITM^D,,
RIV,,
RIV^A,,
RIVN,,
RJF,,
RJF^B,,
RKDA,,
RKLB,,
RKT,,
RL,,
RLAY,,
RLGT,,
RLI,,
RLJ,,
RLJ^A,,
RLMD,,
RLTY,,
RLX,,
RLYB,,
RM,,
RMAX,,
RMBI,,
RMBL,,
RMBS,,
RMCF,,
RMCO,,
RMD,,
RMI,,
RMM,,
RMMZ,,
RMNI,,
RMPL^,,
RMR,,
RMT,,
RMTI,,
RNA,,
RNAC,,
RNAZ,,
RNG,,
RNGR,,
RNLX,,
RNP,,
RNR,,
RNR^F,,
RNR^G,,
RNST,,
RNW,,
RNWWW,,
RNXT,,
ROAD,,
ROCK,,
ROCL,,
ROCLU,,
ROCLW,,
ROG,,
ROIC,,
ROIV,,
ROK,,
ROKU,,
ROL,,
ROMA,,
ROOT,,
ROP,,
ROST,,
RPAY,,
RPD,,
RPHM,,
RPID,,
RPM,,
RPRX,,
RPTX,,
RQI,,
RR,,
RRAC,,
RRBI,,
RRC,,
RRGB,,
RRR,,
RRX,,
RS,,
RSF,,
RSG,,
RSI,,
RSKD,,
RSLS,,
RSSS,,
RSVR,,
RSVRW,,
RTC,,
RTO,,
RTX,,
RUM,,
RUMBW,,
RUN,,
RUSHA,,
RUSHB,,
RVLV,,
RVMD,,
RVMDW,,
RVNC,,
RVP,,
RVPH,,
RVPHW,,
RVSB,,
RVSN,,
RVT,,
RVTY,,
RVYL,,
RWAY,,
RWAYL,,
RWAYZ,,
RWT,,
RWT^A,,
RWTN,,
RWTO,,
RXO,,
RXRX,,
RXST,,
RXT,,
RY,,
RYAAY,,
RYAM,,
RYAN,,
RYDE,,
RYI,,
RYN,,
RYTM,,
RZB,,
RZC,,
RZLT,,
S,,
SA,,
SABA,,
SABR,,
SABS,,
SACC,,
SACH,,
SACH^A,,
SAFE,,
SAFT,,
SAGE,,
SAH,,
SAI,,
SAIA,,
SAIC,,
SAJ,,
SAM,,
SAMG,,
SAN,,
SANA,,
SAND,,
SANG,,
SANM,,
SANW,,
SAP,,
SAR,,
SASR,,
SAT,,
SATL,,
SATLW,,
SATS,,
SATX,,
SAVA,,
SAVE,,
SAY,,
SAZ,,
SB,,
SB^C,,
SB^D,,
SBAC,,
SBBA,,
SBCF,,
SBET,,
SBEV,,
SBFG,,
SBFM,,
SBFMW,,
SBGI,,
SBH,,
SBI,,
SBLK,,
SBOW,,
SBR,,
SBRA,,
SBS,,
SBSI,,
SBSW,,
SBT,,
SBUX,,
SBXC,,
SCCC,,
SCCD,,
SCCE,,
SCCF,,
SCCG,,
SCCO,,
SCD,,
SCE^G,,
SCE^H,,
SCE^J,,
SCE^K,,
SCE^L,,
SCE^M,,
SCE^N,,
SCHL,,
SCHW,,
SCHW^D,,
SCHW^J,,
SCI,,
SCKT,,
SCL,,
SCLX,,
SCLXW,,
SCM,,
SCNI,,
SCOR,,
SCPH,,
SCS,,
SCSC,,
SCVL,,
SCWO,,
SCWX,,
SCYX,,
SD,,
SDA,,
SDAWW,,
SDGR,,
SDHC,,
SDHY,,
SDIG,,
SDOT,,
SDPI,,
SDRL,,
SDST,,
SDSTW,,
SE,,
SEAL^A,,
SEAL^B,,
SEAT,,
SEATW,,
SEB,,
SEDA,,
SEDG,,
SEE,,
SEED,,
SEEL,,
SEER,,
SEIC,,
SELF,,
SELX,,
SEM,,
SEMR,,
SENEA,,
SENEB,,
SENS,,
SEPA,,
SEPAU,,
SEPAW,,
SER,,
SERA,,
SERV,,
SES,,
SEVN,,
SEZL,,
SF,,
SF^B,,
SF^C,,
SF^D,,
SFB,,
SFBC,,
SFBS,,
SFIX,,
SFL,,
SFM,,
SFNC,,
SFST,,
SFWL,,
SG,,
SGA,,
SGBX,,
SGC,,
SGD,,
SGE,,
SGH,,
SGHC,,
SGHT,,
SGLY,,
SGMA,,
SGML,,
SGMO,,
SGMT,,
SGN,,
SGRP,,
SGRY,,
SGU,,
SHAK,,
SHBI,,
SHC,,
SHCO,,
SHCR,,
SHCRW,,
SHEL,,
SHEN,,
SHFS,,
SHFSW,,
SHG,,
SHIM,,
SHIP,,
SHLS,,
SHLT,,
SHMD,,
SHMDW,,
SHO,,
SHO^H,,
SHO^I,,
SHOO,,
SHOP,,
SHOT,,
SHOTW,,
SHPH,,
SHPW,,
SHPWW,,
SHW,,
SHYF,,
SIBN,,
SID,,
SIDU,,
SIEB,,
SIF,,
SIFY,,
SIG,,
SIGA,,
SIGI,,
SIGIP,,
SII,,
SILA,,
SILC,,
SILK,,
SILO,,
SILV,,
SIM,,
SIMAU,,
SIMO,,
SING,,
SINT,,
SIRI,,
SISI,,
SITC,,
SITC^A,,
SITE,,
SITM,,
SJ,,
SJM,,
SJT,,
SJW,,
SKE,,
SKGR,,
SKGRW,,
SKIL,,
SKIN,,
SKLZ,,
SKM,,
SKT,,
SKWD,,
SKX,,
SKY,,
SKYE,,
SKYH,,
SKYT,,
SKYW,,
SKYX,,
SLAB,,
SLAM,,
SLAMU,,
SLAMW,,
SLB,,
SLCA,,
SLDB,,
SLDP,,
SLDPW,,
SLE,,
SLF,,
SLG,,
SLG^I,,
SLGL,,
SLGN,,
SLI,,
SLM,,
SLMBP,,
SLN,,
SLNA,,
SLNAW,,
SLND,,
SLNG,,
SLNH,,
SLNHP,,
SLNO,,
SLP,,
SLQT,,
SLRC,,
SLRN,,
SLRX,,
SLS,,
SLSR,,
SLVM,,
SLVO,,
SM,,
SMAR,,
SMBC,,
SMBK,,
SMCI,,
SMFG,,
SMFL,,
SMG,,
SMHI,,
SMID,,
SMLP,,
SMLR,,
SMMT,,
SMP,,
SMPL,,
SMR,,
SMRT,,
SMSI,,
SMTC,,
SMTI,,
SMTK,,
SMWB,,
SMX,,
SMXT,,
SMXWW,,
SN,,
SNA,,
SNAL,,
SNAP,,
SNAX,,
SNAXW,,
SNBR,,
SNCR,,
SNCRL,,
SNCY,,
SND,,
SNDA,,
SNDL,,
SNDR,,
SNDX,,
SNES,,
SNEX,,
SNFCA,,
SNGX,,
SNN,,
SNOA,,
SNOW,,
SNPS,,
SNPX,,
SNSE,,
SNT,,
SNTG,,
SNTI,,
SNV,,
SNV^D,,
SNV^E,,
SNX,,
SNY,,
SO,,
SOAR,,
SOBR,,
SOC,,
SOFI,,
SOGP,,
SOHO,,
SOHOB,,
SOHON,,
SOHOO,,
SOHU,,
SOI,,
SOJC,,
SOJD,,
SOJE,,
SOL,,
SOLV,,
SON,,
SOND,,
SONDW,,
SONM,,
SONN,,
SONO,,
SONY,,
SOPA,,
SOPH,,
SOR,,
SOS,,
SOTK,,
SOUN,,
SOUNW,,
SOWG,,
SPB,,
SPCB,,
SPCE,,
SPE,,
SPE^C,,
SPEC,,
SPECW,,
SPFI,,
SPG,,
SPG^J,,
SPGC,,
SPGI,,
SPH,,
SPHR,,
SPI,,
SPIR,,
SPKL,,
SPKLU,,
SPKLW,,
SPLP,,
SPLP^A,,
SPMC,,
SPNS,,
SPNT,,
SPNT^B,,
SPOK,,
SPOT,,
SPPL,,
SPR,,
SPRB,,
SPRC,,
SPRO,,
SPRU,,
SPRY,,
SPSC,,
SPT,,
SPTN,,
SPWH,,
SPWR,,
SPXC,,
SPXX,,
SQ,,
SQFT,,
SQFTP,,
SQFTW,,
SQM,,
SQNS,,
SQSP,,
SR,,
SR^A,,
SRAD,,
SRBK,,
SRCE,,
SRCL,,
SRDX,,
SRE,,
SREA,,
SRFM,,
SRG,,
SRG^A,,
SRI,,
SRL,,
SRM,,
SRPT,,
SRRK,,
SRTS,,
SRV,,
SRZN,,
SSB,,
SSBI,,
SSBK,,
SSD,,
SSIC,,
SSKN,,
SSL,,
SSNC,,
SSP,,
SSRM,,
SSSS,,
SSSSL,,
SST,,
SSTI,,
SSTK,,
SSY,,
SSYS,,
ST,,
STAA,,
STAF,,
STAG,,
STBA,,
STBX,,
STC,,
STCN,,
STE,,
STEL,,
STEM,,
STEP,,
STER,,
STEW,,
STG,,
STGW,,
STHO,,
STI,,
STIM,,
STK,,
STKH,,
STKL,,
STKS,,
STLA,,
STLD,,
STM,,
STN,,
STNE,,
STNG,,
STOK,,
STR,,
STRA,,
STRL,,
STRM,,
STRO,,
STRR,,
STRRP,,
STRS,,
STRT,,
STRW,,
STSS,,
STSSW,,
STT,,
STT^G,,
STTK,,
STVN,,
STWD,,
STX,,
STXS,,
STZ,,
SU,,
SUGP,,
SUI,,
SUM,,
SUN,,
SUNS,,
SUP,,
SUPN,,
SUPV,,
SURG,,
SURGW,,
SUUN,,
SUZ,,
SVC,,
SVCO,,
SVII,,
SVM,,
SVMH,,
SVMHW,,
SVRA,,
SVRE,,
SVT,,
SVV,,
SW,,
SWAG,,
SWBI,,
SWI,,
SWIM,,
SWIN,,
SWK,,
SWKH,,
SWKHL,,
SWKS,,
SWN,,
SWTX,,
SWVL,,
SWVLW,,
SWX,,
SWZ,,
SXC,,
SXI,,
SXT,,
SXTC,,
SXTP,,
SXTPW,,
SY,,
SYBT,,
SYBX,,
SYF,,
SYF^A,,
SYF^B,,
SYK,,
SYM,,
SYNA,,
SYNX,,
SYPR,,
SYRA,,
SYRE,,
SYRS,,
SYT,,
SYTA,,
SYTAW,,
SYY,,
T,,
T^A,,
T^C,,
TAC,,
TACT,,
TAIT,,
TAK,,
TAL,,
TALK,,
TALKW,,
TALO,,
TANH,,
TAOP,,
TAP,,
TARA,,
TARS,,
TASK,,
TATT,,
TAYD,,
TBB,,
TBBB,,
TBBK,,
TBC,,
TBI,,
TBIO,,
TBLA,,
TBLAW,,
TBLD,,
TBLT,,
TBMC,,
TBN,,
TBNK,,
TBPH,,
TBRG,,
TC,,
TCBC,,
TCBI,,
TCBIO,,
TCBK,,
TCBP,,
TCBPW,,
TCBS,,
TCBX,,
TCI,,
TCJH,,
TCMD,,
TCOA,,
TCOM,,
TCPC,,
TCRT,,
TCRX,,
TCS,,
TCTM,,
TCX,,
TD,,
TDC,,
TDF,,
TDG,,
TDOC,,
TDS,,
TDS^U,,
TDS^V,,
TDUP,,
TDW,,
TDY,,
TEAF,,
TEAM,,
TECH,,
TECK,,
TECTP,,
TECX,,
TEF,,
TEI,,
TEL,,
TELA,,
TELL,,
TELO,,
TELZ,,
TEM,,
TEN,,
TEN^E,,
TEN^F,,
TENB,,
TENK,,
TENKR,,
TENX,,
TEO,,
TER,,
TERN,,
TETE,,
TETEW,,
TEVA,,
TEX,,
TFC,,
TFC^I,,
TFC^O,,
TFC^R,,
TFFP,,
TFII,,
TFIN,,
TFINP,,
TFPM,,
TFSA,,
TFSL,,
TFX,,
TG,,
TGAA,,
TGAAU,,
TGB,,
TGI,,
TGL,,
TGLS,,
TGNA,,
TGS,,
TGT,,
TGTX,,
TH,,
THAR,,
THC,,
THCH,,
THCP,,
THFF,,
THG,,
THM,,
THO,,
THQ,,
THR,,
THRD,,
THRM,,
THRY,,
THS,,
THTX,,
THW,,
TIGO,,
TIGR,,
TIL,,
TILE,,
TIMB,,
TIPT,,
TIRX,,
TISI,,
TITN,,
TIVC,,
TIXT,,
TJX,,
TK,,
TKC,,
TKLF,,
TKNO,,
TKO,,
TKR,,
TLF,,
TLGY,,
TLGYU,,
TLGYW,,
TLIS,,
TLK,,
TLN,,
TLPH,,
TLRY,,
TLS,,
TLSA,,
TLSI,,
TLSIW,,
TLYS,,
TM,,
TMC,,
TMCI,,
TMCWW,,
TMDX,,
TME,,
TMHC,,
TMO,,
TMP,,
TMQ,,
TMTC,,
TMTCR,,
TMUS,,
TNC,,
TNDM,,
TNET,,
TNGX,,
TNK,,
TNL,,
TNON,,
TNONW,,
TNXP,,
TNYA,,
TOI,,
TOIIW,,
TOL,,
TOMZ,,
TOON,,
TOP,,
TOPS,,
TORO,,
TOST,,
TOUR,,
TOVX,,
TOWN,,
TOYO,,
TPB,,
TPC,,
TPCS,,
TPET,,
TPG,,
TPGXL,,
TPH,,
TPHS,,
TPIC,,
TPL,,
TPR,,
TPST,,
TPTA,,
TPVG,,
TPX,,
TPZ,,
TR,,
TRAK,,
TRAW,,
TRC,,
TRDA,,
TREE,,
TREX,,
TRGP,,
TRI,,
TRIB,,
TRIN,,
TRINL,,
TRINZ,,
TRIP,,
TRIS,,
TRMB,,
TRMD,,
TRMK,,
TRML,,
TRN,,
TRNO,,
TRNR,,
TRNS,,
TRON,,
TRONU,,
TRONW,,
TROO,,
TROW,,
TROX,,
TRP,,
TRS,,
TRSG,,
TRST,,
TRT,,
TRTL,,
TRTN^A,,
TRTN^B,,
TRTN^C,,
TRTN^D,,
TRTN^E,,
TRTX,,
TRTX^C,,
TRU,,
TRUE,,
TRUG,,
TRUP,,
TRV,,
TRVG,,
TRVI,,
TRVN,,
TRX,,
TS,,
TSAT,,
TSBK,,
TSBX,,
TSCO,,
TSE,,
TSEM,,
TSHA,,
TSI,,
TSLA,,
TSLX,,
TSM,,
TSN,,
TSQ,,
TSVT,,
TT,,
TTC,,
TTD,,
TTE,,
TTEC,,
TTEK,,
TTGT,,
TTI,,
TTMI,,
TTNP,,
TTOO,,
TTP,,
TTSH,,
TTWO,,
TU,,
TUP,,
TURB,,
TURN,,
TUSK,,
TUYA,,
TV,,
TVC,,
TVE,,
TVGN,,
TVGNW,,
TVTX,,
TW,,
TWG,,
TWI,,
TWIN,,
TWKS,,
TWLO,,
TWN,,
TWO,,
TWO^A,,
TWO^B,,
TWO^C,,
TWOU,,
TWST,,
TX,,
TXG,,
TXMD,,
TXN,,
TXO,,
TXRH,,
TXT,,
TY,,
TY^,,
TYG,,
TYGO,,
TYL,,
TYRA,,
TZOO,,
U,,
UA,,
UAA,,
UAL,,
UAMY,,
UAN,,
UAVS,,
UBCP,,
UBER,,
UBFO,,
UBS,,
UBSI,,
UBX,,
UBXG,,
UCAR,,
UCBI,,
UCBIO,,
UCL,,
UCTT,,
UDMY,,
UDR,,
UE,,
UEC,,
UEIC,,
UFCS,,
UFI,,
UFPI,,
UFPT,,
UG,,
UGI,,
UGP,,
UGRO,,
UHAL,,
UHG,,
UHGWW,,
UHS,,
UHT,,
UI,,
UIS,,
UK,,
UKOMW,,
UL,,
ULBI,,
ULCC,,
ULH,,
ULS,,
ULTA,,
ULY,,
UMAC,,
UMBF,,
UMC,,
UMH,,
UMH^D,,
UNB,,
UNCY,,
UNF,,
UNFI,,
UNH,,
UNIT,,
UNM,,
UNMA,,
UNP,,
UNTY,,
UONE,,
UONEK,,
UP,,
UPBD,,
UPC,,
UPLD,,
UPS,,
UPST,,
UPWK,,
UPXI,,
URBN,,
URG,,
URGN,,
URI,,
UROY,,
USA,,
USAC,,
USAP,,
USAS,,
USAU,,
USB,,
USB^A,,
USB^H,,
USB^P,,
USB^Q,,
USB^R,,
USB^S,,
USCB,,
USEA,,
USEG,,
USFD,,
USGO,,
USGOW,,
USIO,,
USLM,,
USM,,
USNA,,
USOI,,
USPH,,
UTF,,
UTG,,
UTHR,,
UTI,,
UTL,,
UTMD,,
UTSI,,
UTZ,,
UUU,,
UUUU,,
UVE,,
UVSP,,
UVV,,
UWMC,,
UXIN,,
UZD,,
UZE,,
UZF,,
V,,
VABK,,
VAC,,
VAL,,
VALE,,
VALN,,
VALU,,
VANI,,
VATE,,
VBF,,
VBFC,,
VBIV,,
VBNK,,
VBTX,,
VC,,
VCEL,,
VCIG,,
VCNX,,
VCSA,,
VCTR,,
VCV,,
VCYT,,
VECO,,
VEEE,,
VEEV,,
VEL,,
VEON,,
VERA,,
VERB,,
VERI,,
VERO,,
VERU,,
VERV,,
VERX,,
VET,,
VEV,,
VFC,,
VFF,,
VFL,,
VFS,,
VFSWW,,
VGAS,,
VGASW,,
VGI,,
VGM,,
VGR,,
VGZ,,
VHAI,,
VHC,,
VHI,,
VIASP,,
VIAV,,
VICI,,
VICR,,
VIGL,,
VIK,,
VINC,,
VINE,,
VINO,,
VINP,,
VIOT,,
VIPS,,
VIR,,
VIRC,,
VIRI,,
VIRT,,
VIRX,,
VISL,,
VIST,,
VITL,,
VIV,,
VIVK,,
VKI,,
VKQ,,
VKTX,,
VLCN,,
VLD,,
VLGEA,,
VLN,,
VLO,,
VLRS,,
VLT,,
VLTO,,
VLY,,
VLYPO,,
VLYPP,,
VMAR,,
VMC,,
VMCA,,
VMCAW,,
VMD,,
VMEO,,
VMI,,
VMO,,
VNCE,,
VNDA,,
VNET,,
VNO,,
VNO^L,,
VNO^M,,
VNO^N,,
VNO^O,,
VNOM,,
VNRX,,
VNT,,
VOC,,
VOD,,
VOR,,
VOXR,,
VOXX,,
VOYA,,
VOYA^B,,
VPG,,
VPV,,
VRA,,
VRAR,,
VRAX,,
VRCA,,
VRDN,,
VRE,,
VREX,,
VRM,,
VRME,,
VRN,,
VRNA,,
VRNS,,
VRNT,,
VRPX,,
VRRM,,
VRSK,,
VRSN,,
VRT,,
VRTS,,
VRTX,,
VS,,
VSAC,,
VSACW,,
VSAT,,
VSCO,,
VSEC,,
VSEE,,
VSEEW,,
VSH,,
VSME,,
VSSYW,,
VST,,
VSTA,,
VSTE,,
VSTEW,,
VSTM,,
VSTO,,
VSTS,,
VTAK,,
VTEX,,
VTGN,,
VTLE,,
VTMX,,
VTN,,
VTNR,,
VTOL,,
VTR,,
VTRS,,
VTS,,
VTSI,,
VTVT,,
VTYX,,
VUZI,,
VVI,,
VVOS,,
VVPR,,
VVR,,
VVV,,
VVX,,
VWE,,
VWEWW,,
VXRT,,
VXX,,
VXZ,,
VYGR,,
VYNE,,
VYX,,
VZ,,
VZIO,,
VZLA,,
W,,
WAB,,
WABC,,
WAFD,,
WAFDP,,
WAFU,,
WAL,,
WAL^A,,
WALD,,
WALDW,,
WASH,,
WAT,,
WATT,,
WAVD,,
WAVE,,
WAVS,,
WAY,,
WB,,
WBA,,
WBD,,
WBS,,
WBS^F,,
WBS^G,,
WBTN,,
WBUY,,
WBX,,
WCC,,
WCC^A,,
WCN,,
WD,,
WDAY,,
WDC,,
WDFC,,
WDH,,
WDI,,
WDS,,
WEA,,
WEAV,,
WEC,,
WEL,,
WELL,,
WEN,,
WENA,,
WENAW,,
WERN,,
WES,,
WEST,,
WESTW,,
WETH,,
WEX,,
WEYS,,
WF,,
WFC,,
WFC^A,,
WFC^C,,
WFC^D,,
WFC^L,,
WFC^Y,,
WFC^Z,,
WFCF,,
WFG,,
WFRD,,
WGO,,
WGS,,
WGSWW,,
WH,,
WHD,,
WHF,,
WHFCL,,
WHG,,
WHLM,,
WHLR,,
WHLRD,,
WHLRP,,
WHR,,
WIA,,
WILC,,
WIMI,,
WINA,,
WING,,
WINT,,
WINV,,
WINVR,,
WINVU,,
WISA,,
WIT,,
WIW,,
WIX,,
WK,,
WKC,,
WKEY,,
WKHS,,
WKME,,
WKSP,,
WKSPW,,
WLDN,,
WLDS,,
WLDSW,,
WLFC,,
WLGS,,
WLK,,
WLKP,,
WLY,,
WLYB,,
WM,,
WMB,,
WMG,,
WMK,,
WMPN,,
WMS,,
WMT,,
WNC,,
WNEB,,
WNS,,
WNW,,
WOLF,,
WOOF,,
WOR,,
WORX,,
WOW,,
WPC,,
WPM,,
WPP,,
WPRT,,
WRAP,,
WRB,,
WRB^E,,
WRB^F,,
WRB^G,,
WRB^H,,
WRBY,,
WRLD,,
WRN,,
WRNT,,
WS,,
WSBC,,
WSBCP,,
WSBF,,
WSC,,
WSFS,,
WSM,,
WSO,,
WSO/B,,
WSR,,
WST,,
WT,,
WTBA,,
WTFC,,
WTFCM,,
WTFCP,,
WTI,,
WTM,,
WTMA,,
WTMAU,,
WTO,,
WTRG,,
WTS,,
WTTR,,
WTW,,
WU,,
WULF,,
WVE,,
WVVI,,
WVVIP,,
WW,,
WWD,,
WWR,,
WWW,,
WY,,
WYNN,,
WYY,,
X,,
XAIR,,
XBIO,,
XBIOW,,
XBIT,,
XBP,,
XBPEW,,
XCUR,,
XEL,,
XELA,,
XELAP,,
XELB,,
XENE,,
XERS,,
XFIN,,
XFINU,,
XFINW,,
XFLT,,
XFLT^A,,
XFOR,,
XGN,,
XHG,,
XHR,,
XIN,,
XLO,,
XMTR,,
XNCR,,
XNET,,
XOM,,
XOMA,,
XOMAO,,
XOMAP,,
XOS,,
XOSWW,,
XP,,
XPEL,,
XPER,,
XPEV,,
XPL,,
XPO,,
XPOF,,
XPON,,
XPRO,,
XRAY,,
XRTX,,
XRX,,
XTIA,,
XTKG,,
XTLB,,
XTNT,,
XWEL,,
XXII,,
XYF,,
XYL,,
XYLO,,
YALA,,
YCBD,,
YCBD^A,,
YELP,,
YETI,,
YEXT,,
YGMZ,,
YHGJ,,
YI,,
YIBO,,
YJ,,
YMAB,,
YMM,,
YORW,,
YOSH,,
YOTA,,
YOTAW,,
YOU,,
YPF,,
YQ,,
YRD,,
YSG,,
YTRA,,
YUM,,
YUMC,,
YY,,
YYAI,,
YYGH,,
Z,,
ZAPP,,
ZAPPW,,
ZBAO,,
ZBH,,
ZBRA,,
ZCAR,,
ZCARW,,
ZCMD,,
ZD,,
ZDGE,,
ZENV,,
ZEO,,
ZEOWW,,
ZEPP,,
ZETA,,
ZEUS,,
ZG,,
ZGN,,
ZH,,
ZI,,
ZIM,,
ZIMV,,
ZION,,
ZIONL,,
ZIONO,,
ZIONP,,
ZIP,,
ZJYL,,
ZK,,
ZKH,,
ZKIN,,
ZLAB,,
ZLS,,
ZLSWU,,
ZM,,
ZNTL,,
ZOM,,
ZONE,,
ZOOZ,,
ZOOZW,,
ZPTA,,
ZPTAW,,
ZS,,
ZTEK,,
ZTO,,
ZTR,,
ZTS,,
ZUMZ,,
ZUO,,
ZURA,,
ZURAW,,
ZVIA,,
ZVRA,,
ZVSA,,
ZWS,,
ZYME,,
ZYXI,,